drop database if EXISTS  miniprogram;
CREATE database miniprogram DEFAULT CHARACTER SET utf8 COLLATE utf8_general_ci;

use miniprogram;


-- ----------------------------
-- Table structure for `menu`
-- ----------------------------
DROP TABLE IF EXISTS `menu`;
CREATE TABLE `menu` (
  `menu_id` bigint(20) NOT NULL AUTO_INCREMENT,
  `parent_id` bigint(20) DEFAULT NULL COMMENT '父菜单ID，一级菜单为0',
  `name` varchar(50) DEFAULT NULL COMMENT '菜单名称',
  `url` varchar(200) DEFAULT NULL COMMENT '菜单URL',
  `perms` varchar(500) DEFAULT NULL COMMENT '授权(多个用逗号分隔，如：user:list,user:create)',
  `type` int(11) DEFAULT NULL COMMENT '类型   0：目录   1：菜单   2：按钮',
  `icon` varchar(50) DEFAULT NULL COMMENT '菜单图标',
  `order_num` int(11) DEFAULT NULL COMMENT '排序',
  `gmt_create` datetime DEFAULT NULL COMMENT '创建时间',
  `gmt_modified` datetime DEFAULT NULL COMMENT '修改时间',
  PRIMARY KEY (`menu_id`)
) ENGINE=InnoDB AUTO_INCREMENT=105 DEFAULT CHARSET=utf8 COMMENT='菜单管理';

-- ----------------------------
-- Records of menu
-- ----------------------------
DELETE FROM `menu`;
INSERT INTO `menu` VALUES ('1', '0', '文章管理',  null, null, '0', 'fa fa-rss', '0', '2017-08-09 22:49:47', null);
INSERT INTO `menu` VALUES ('2', '0', '文章类别管理',  null, null,'1', 'fa fa-list', '1', '2017-08-09 22:55:15', null);
INSERT INTO `menu` VALUES ('3', '0', '文件管理', null, null, '0', 'fa fa-file-zip-o', '2', '2017-08-09 23:06:55', null);
INSERT INTO `menu` VALUES ('4', '0', '用户管理', null, null, '0', 'fa fa-user', '3', '2017-08-10 14:12:11', null);
INSERT INTO `menu` VALUES ('5', '0', '系统监控', null, null, '0', 'fa fa-desktop', '3', '2017-08-10 14:12:11', null);


INSERT INTO `menu` VALUES ('11', '1', '浏览文章列表', '', 'article:article:article', '2', '', '0', '2017-08-14 10:51:35', null);
INSERT INTO `menu` VALUES ('12', '1', '浏览通知公告', '', 'article:content:content', '2', '', '0', '2017-08-14 10:51:35', null);
INSERT INTO `menu` VALUES ('13', '11', '发布文章', '', 'article:content:add', '2', '', '0', '2017-08-14 10:51:35', null);
INSERT INTO `menu` VALUES ('101', '11', '修改', '', 'article:content:edit', '2', '', '0', '2017-08-14 11:00:26', null);
INSERT INTO `menu` VALUES ('102', '11', '删除', '', 'article:content:remove', '2', '', '0', '2017-08-14 11:00:26', null);
INSERT INTO `menu` VALUES ('103', '11', '批量删除', '', 'article:content:batchRemove', '2', '', '0', '2017-08-14 17:27:18', null);


INSERT INTO `menu` VALUES ('21', '2', '浏览文章类别', '', 'article:categories:categories', '2', '', '0', '2017-08-14 10:52:06', null);
INSERT INTO `menu` VALUES ('22', '2', '添加文章类别', '', 'article:categories:add', '2', '', '0', '2017-08-14 10:52:06', null);
INSERT INTO `menu` VALUES ('201', '21', '修改', '', 'article:categories:edit', '2', '', '0', '2017-08-14 11:00:26', null);
INSERT INTO `menu` VALUES ('202', '21', '删除', '', 'article:categories:remove', '2', '', '0', '2017-08-14 11:00:26', null);
INSERT INTO `menu` VALUES ('203', '21', '批量删除', '', 'article:categories:batchRemove', '2', '', '0', '2017-08-14 17:27:18', null);


INSERT INTO `menu` VALUES ('31', '3', '下载文件', null, 'common:file:download', '2', null, '0', '2017-08-14 10:52:24', null);
INSERT INTO `menu` VALUES ('32', '3', '文件列表', null, 'common:file:file', '2', null, '0', '2017-08-14 10:52:24', null);
INSERT INTO `menu` VALUES ('33', '3', '上传文件', '', 'common:file:add', '2', '', '0', '2017-08-14 10:56:37', null);
INSERT INTO `menu` VALUES ('301', '31', '修改', '', 'common:file:edit', '2', '', '0', '2017-08-14 11:00:26', null);
INSERT INTO `menu` VALUES ('302', '31', '删除', '', 'common:file:remove', '2', '', '0', '2017-08-14 11:00:26', null);
INSERT INTO `menu` VALUES ('303', '31', '批量删除', '', 'common:file:batchRemove', '2', '', '0', '2017-08-14 17:27:18', null);


INSERT INTO `menu` VALUES ('41', '4', '普通用户管理', '', 'system:user:user', '2', '', '0', '2017-08-14 10:59:32', null);
INSERT INTO `menu` VALUES ('401', '41', '添加', '', 'system:user:add', '2', '', '0', '2017-08-14 11:00:26', null);
INSERT INTO `menu` VALUES ('402', '41', '修改', '', 'system:user:edit', '2', '', '0', '2017-08-14 11:00:26', null);
INSERT INTO `menu` VALUES ('403', '41', '删除', '', 'system:user:remove', '2', '', '0', '2017-08-14 11:00:26', null);
INSERT INTO `menu` VALUES ('404', '41', '批量删除', '', 'system:user:batchRemove', '2', '', '0', '2017-08-14 17:27:18', null);


INSERT INTO `menu` VALUES ('42', '4', '管理员用户管理', '', 'system:admin:admin', '2', '', '0', '2017-08-14 10:59:56', null);
INSERT INTO `menu` VALUES ('411', '42', '添加', '', 'system:admin:add', '2', '', '0', '2017-08-14 11:00:26', null);
INSERT INTO `menu` VALUES ('412', '42', '修改', '', 'system:admin:edit', '2', '', '0', '2017-08-14 11:00:26', null);
INSERT INTO `menu` VALUES ('413', '42', '删除', '', 'system:admin:remove', '2', '', '0', '2017-08-14 11:00:26', null);
INSERT INTO `menu` VALUES ('414', '42', '批量删除', '', 'system:admin:batchRemove', '2', '', '0', '2017-08-14 17:27:18', null);
INSERT INTO `menu` VALUES ('415', '41', '重置普通用户密码', '', 'system:user:resetUserPwd', '2', '', '0', '2017-08-14 17:28:34', null);
INSERT INTO `menu` VALUES ('416', '42', '重置管理员密码', '', 'system:admin:resetAdminPwd', '2', '', '0', '2017-08-14 17:28:34', null);


INSERT INTO `menu` VALUES ('51', '5', '系统监控主菜单', '', 'system:monitor:monitor', '2', '', '0', '2017-08-14 10:51:35', null);
INSERT INTO `menu` VALUES ('52', '5', '运行监控', '', 'system:monitor:datasource', '2', '', '0', '2017-08-14 10:51:35', null);
INSERT INTO `menu` VALUES ('53', '5', '在线用户', '', 'system:monitor:online', '2', '', '0', '2017-08-14 10:51:35', null);

-- ----------------------------
-- Table structure for `role_menu`
-- ----------------------------
DROP TABLE IF EXISTS `role_menu`;
CREATE TABLE `role_menu` (
  `id` bigint(20) NOT NULL AUTO_INCREMENT,
  `role_id` bigint(20) DEFAULT NULL COMMENT '角色ID',
  `menu_id` bigint(20) DEFAULT NULL COMMENT '菜单ID',
  PRIMARY KEY (`id`)
) ENGINE=InnoDB AUTO_INCREMENT=3284 DEFAULT CHARSET=utf8 COMMENT='角色与菜单对应关系';

-- ----------------------------
-- Records of role_menu
-- ----------------------------
DELETE FROM `role_menu`;
-- 文章管理员具有的权限菜单
INSERT INTO `role_menu`(`role_id`,`menu_id`) VALUES ('1', '11');
INSERT INTO `role_menu`(`role_id`,`menu_id`) VALUES ('1', '12');
INSERT INTO `role_menu`(`role_id`,`menu_id`) VALUES ('1', '13');
INSERT INTO `role_menu`(`role_id`,`menu_id`) VALUES ('1', '101');
INSERT INTO `role_menu`(`role_id`,`menu_id`) VALUES ('1', '102');
INSERT INTO `role_menu`(`role_id`,`menu_id`) VALUES ('1', '103');
INSERT INTO `role_menu`(`role_id`,`menu_id`) VALUES ('1', '21');
INSERT INTO `role_menu`(`role_id`,`menu_id`) VALUES ('1', '22');
INSERT INTO `role_menu`(`role_id`,`menu_id`) VALUES ('1', '201');
INSERT INTO `role_menu`(`role_id`,`menu_id`) VALUES ('1', '202');
INSERT INTO `role_menu`(`role_id`,`menu_id`) VALUES ('1', '203');
INSERT INTO `role_menu`(`role_id`,`menu_id`) VALUES ('1', '31');
INSERT INTO `role_menu`(`role_id`,`menu_id`) VALUES ('1', '32');
INSERT INTO `role_menu`(`role_id`,`menu_id`) VALUES ('1', '33');
INSERT INTO `role_menu`(`role_id`,`menu_id`) VALUES ('1', '301');
INSERT INTO `role_menu`(`role_id`,`menu_id`) VALUES ('1', '302');
INSERT INTO `role_menu`(`role_id`,`menu_id`) VALUES ('1', '303');
-- INSERT INTO `role_menu`(`role_id`,`menu_id`) VALUES ('1', '41');
-- INSERT INTO `role_menu`(`role_id`,`menu_id`) VALUES ('1', '401');
-- INSERT INTO `role_menu`(`role_id`,`menu_id`) VALUES ('1', '402');
-- INSERT INTO `role_menu`(`role_id`,`menu_id`) VALUES ('1', '403');
-- INSERT INTO `role_menu`(`role_id`,`menu_id`) VALUES ('1', '404');

-- 系统管理员具有的权限菜单
INSERT INTO `role_menu`(`role_id`,`menu_id`) VALUES ('2', '11');
INSERT INTO `role_menu`(`role_id`,`menu_id`) VALUES ('2', '12');
INSERT INTO `role_menu`(`role_id`,`menu_id`) VALUES ('2', '13');
INSERT INTO `role_menu`(`role_id`,`menu_id`) VALUES ('2', '101');
INSERT INTO `role_menu`(`role_id`,`menu_id`) VALUES ('2', '102');
INSERT INTO `role_menu`(`role_id`,`menu_id`) VALUES ('2', '103');
INSERT INTO `role_menu`(`role_id`,`menu_id`) VALUES ('2', '21');
INSERT INTO `role_menu`(`role_id`,`menu_id`) VALUES ('2', '22');
INSERT INTO `role_menu`(`role_id`,`menu_id`) VALUES ('2', '201');
INSERT INTO `role_menu`(`role_id`,`menu_id`) VALUES ('2', '202');
INSERT INTO `role_menu`(`role_id`,`menu_id`) VALUES ('2', '203');
INSERT INTO `role_menu`(`role_id`,`menu_id`) VALUES ('2', '31');
INSERT INTO `role_menu`(`role_id`,`menu_id`) VALUES ('2', '32');
INSERT INTO `role_menu`(`role_id`,`menu_id`) VALUES ('2', '33');
INSERT INTO `role_menu`(`role_id`,`menu_id`) VALUES ('2', '301');
INSERT INTO `role_menu`(`role_id`,`menu_id`) VALUES ('2', '302');
INSERT INTO `role_menu`(`role_id`,`menu_id`) VALUES ('2', '303');
INSERT INTO `role_menu`(`role_id`,`menu_id`) VALUES ('2', '41');
INSERT INTO `role_menu`(`role_id`,`menu_id`) VALUES ('2', '401');
INSERT INTO `role_menu`(`role_id`,`menu_id`) VALUES ('2', '402');
INSERT INTO `role_menu`(`role_id`,`menu_id`) VALUES ('2', '403');
INSERT INTO `role_menu`(`role_id`,`menu_id`) VALUES ('2', '404');
INSERT INTO `role_menu`(`role_id`,`menu_id`) VALUES ('2', '42');
INSERT INTO `role_menu`(`role_id`,`menu_id`) VALUES ('2', '411');
INSERT INTO `role_menu`(`role_id`,`menu_id`) VALUES ('2', '412');
INSERT INTO `role_menu`(`role_id`,`menu_id`) VALUES ('2', '413');
INSERT INTO `role_menu`(`role_id`,`menu_id`) VALUES ('2', '414');
INSERT INTO `role_menu`(`role_id`,`menu_id`) VALUES ('2', '415');
INSERT INTO `role_menu`(`role_id`,`menu_id`) VALUES ('2', '416');
INSERT INTO `role_menu`(`role_id`,`menu_id`) VALUES ('2', '51');
INSERT INTO `role_menu`(`role_id`,`menu_id`) VALUES ('2', '52');
INSERT INTO `role_menu`(`role_id`,`menu_id`) VALUES ('2', '53');
-- ----------------------------
-- Table structure for `role`
-- ----------------------------
DROP TABLE IF EXISTS `role`;
CREATE TABLE `role` (
  `role_id` int PRIMARY key COMMENT '角色编号',
  `name` VARCHAR(64) not NULL COMMENT '角色名字',
  `description` VARCHAR(20) not null COMMENT '角色描述'
) ENGINE=InnoDB DEFAULT CHARSET=utf8 COMMENT='角色表';
delete from role;

INSERT into role VALUES ('0', 'user', '普通用户');
INSERT into role VALUES ('1', 'admin', '文章管理员');
INSERT into role VALUES ('2','supervisor','系统管理员');

-- ----------------------------
-- Table structure for `admin`
-- ----------------------------
DROP TABLE IF EXISTS `admin`;
CREATE TABLE `admin` (
  `uname` VARCHAR(20) PRIMARY key COMMENT '用户名',
  `upwd` VARCHAR(64) not NULL COMMENT '密码',
  `real_name` VARCHAR(20) not null COMMENT '真实姓名',
  `sex` int(1) DEFAULT 1 COMMENT '性别,1代表男，0代表女',
  `email` VARCHAR(20) default null COMMENT '邮箱',
  `status` int(1) DEFAULT 1 COMMENT '状态,1代表正常，0代表禁用',
  `role_id` int DEFAULT '1' COMMENT '角色编号',
  `picurl` VARCHAR(64) default '/img/profilePic/default_admin.png' COMMENT '用户头像地址'
) ENGINE=InnoDB DEFAULT CHARSET=utf8 COMMENT='管理员用户表';
delete from admin;
-- 密码均为123456
INSERT into admin VALUES ('admin', 'd0af8fa1272ef5a152d9e27763eea293', '管理员', 1,'admin@gmail.com', 1,1,'/img/profilePic/a1.jpg');
INSERT into admin VALUES ('niejun', '68610120e5dac06b677d9212a75a97db', '聂钧',1,'niejun@163.com',1,2,'/img/profilePic/a8.jpg');
INSERT into admin VALUES ('saodiseng','397006086cda2739058711c7484c92ed','扫地僧',1,'saodiseng@qq.com',1,2,'/img/profilePic/default_admin.png');

-- ----------------------------
-- Table structure for `user`
-- ----------------------------
DROP TABLE IF EXISTS `user`;
CREATE TABLE `user` (
  `uname` VARCHAR(20) PRIMARY key COMMENT '学号/教师编号',
  `upwd` VARCHAR(64) not NULL COMMENT '密码',
  `real_name` VARCHAR(20) not NULL COMMENT '真实姓名',
  `sex` int(1) DEFAULT 1 COMMENT '性别,1代表男，0代表女',
  `mobile` VARCHAR(20) DEFAULT NULL COMMENT '联系方式',
  `status` int(1) DEFAULT 1 COMMENT '状态,1代表正常，0代表禁用',
  `role_id` int DEFAULT '0' COMMENT '角色编号',
  `picurl` VARCHAR(64) default '/img/profilePic/default.jpg' COMMENT '用户头像地址'
) ENGINE=InnoDB DEFAULT CHARSET=utf8 COMMENT='用户表';
delete from user;
-- 密码均为123456
INSERT into user VALUES ('8000115098','23ae666316d5ed8025d66ccd9cbc0352','张飞',1,'13155848480',1,0,
'/img/profilePic/a1.jpg');
INSERT into user VALUES ('8000115097','45aacbc5867d8695ceac933145c50ca5','聂钧',1,'13155848480',1,0,
'/img/profilePic/a2.jpg');
INSERT into user VALUES ('8000115099','6693a107fc294636ed549759ce8ad5df','扫地僧',1,'13155848480',1,0,
'/img/profilePic/a3.jpg');


-- ----------------------------
-- Table structure for `categories`
-- ----------------------------
DROP TABLE IF EXISTS `categories`;
CREATE TABLE `categories` (
  `catid` bigint(20) NOT NULL AUTO_INCREMENT primary key,
  `category` varchar(50) not NULL UNIQUE COMMENT '分类',
  `allow_read` int(1) DEFAULT '1' COMMENT '允许阅读,1代表允许，0代表不允许'
) ENGINE=InnoDB AUTO_INCREMENT=122 DEFAULT CHARSET=utf8 COMMENT='文章的分类';
DELETE from categories;

INSERT INTO `categories` VALUES (97, '服务指南', 1);
INSERT INTO `categories` VALUES (98, '通知公告', 1);
INSERT INTO `categories` VALUES (99, '办事流程', 1);
INSERT INTO `categories` VALUES (100, '导航文章内容', 0);
INSERT INTO `categories` VALUES (148, '测试文章', 1);
INSERT INTO `categories` VALUES (149, 'tognzhi', 0);
INSERT INTO `categories` VALUES (152, 'tongzhi', 0);
INSERT INTO `categories` VALUES (154, '通知', 0);


--
--
-- -- ----------------------------
-- -- Table structure for `dictionary`
-- -- ----------------------------
-- DROP TABLE IF EXISTS `dictionary`;
-- CREATE TABLE `dictionary` (
--   `id` bigint(64) NOT NULL AUTO_INCREMENT COMMENT '编号',
--   `name` varchar(100) COLLATE utf8_bin DEFAULT NULL COMMENT '标签名',
--   `value` varchar(100) COLLATE utf8_bin DEFAULT NULL COMMENT '数据值',
--   `type` varchar(100) COLLATE utf8_bin DEFAULT NULL COMMENT '类型',
--   `description` varchar(100) COLLATE utf8_bin DEFAULT NULL COMMENT '描述',
--   `parent_id` bigint(64) DEFAULT '0' COMMENT '父级编号',
--   `del_flag` char(1) COLLATE utf8_bin DEFAULT '0' COMMENT '删除标记',
--   PRIMARY KEY (`id`),
-- ) ENGINE=InnoDB AUTO_INCREMENT=123 DEFAULT CHARSET=utf8 COLLATE=utf8_bin COMMENT='字典表';
--
-- -- ----------------------------
-- -- Records of dictionary
-- -- ----------------------------
-- INSERT INTO `dictionary` VALUES ('3', '显示', '1', 'show_hide', '显示/隐藏', '10', '0', '1', null, '1', null, null, '0');
-- INSERT INTO `dictionary` VALUES ('4', '隐藏', '0', 'show_hide', '显示/隐藏', '20', '0', '1', null, '1', null, null, '0');
-- INSERT INTO `dictionary` VALUES ('12', '默认主题', 'default', 'theme', '主题方案', '10', '0', '1', null, '1', null, null, '0');
-- INSERT INTO `dictionary` VALUES ('13', '天蓝主题', 'cerulean', 'theme', '主题方案', '20', '0', '1', null, '1', null, null, '0');
-- INSERT INTO `dictionary` VALUES ('14', '橙色主题', 'readable', 'theme', '主题方案', '30', '0', '1', null, '1', null, null, '0');
-- INSERT INTO `dictionary` VALUES ('15', '红色主题', 'united', 'theme', '主题方案', '40', '0', '1', null, '1', null, null, '0');
-- INSERT INTO `dictionary` VALUES ('40', '部门经理', '2', 'sys_user_type', '用户类型', '20', '0', '1', null, '1', null, null, '0');
-- INSERT INTO `dictionary` VALUES ('41', '普通用户', '3', 'sys_user_type', '用户类型', '30', '0', '1', null, '1', null, null, '0');
-- INSERT INTO `dictionary` VALUES ('42', '基础主题', 'basic', 'cms_theme', '站点主题', '10', '0', '1', null, '1', null, null, '0');
-- INSERT INTO `dictionary` VALUES ('43', '蓝色主题', 'blue', 'cms_theme', '站点主题', '20', '0', '1', null, '1', null, null, '1');
-- INSERT INTO `dictionary` VALUES ('44', '红色主题', 'red', 'cms_theme', '站点主题', '30', '0', '1', null, '1', null, null, '1');
-- INSERT INTO `dictionary` VALUES ('71', '分类1', '1', 'act_category', '流程分类', '10', '0', '1', null, '1', null, null, '0');
-- INSERT INTO `dictionary` VALUES ('72', '分类2', '2', 'act_category', '流程分类', '20', '0', '1', null, '1', null, null, '0');
--


-- ----------------------------
-- Table structure for `article`
-- ----------------------------
DROP TABLE IF EXISTS `article`;
CREATE TABLE `article` (
  `artid` bigint(20) NOT NULL PRIMARY key AUTO_INCREMENT,
  `title` varchar(255) DEFAULT NULL COMMENT '标题',
  `created` varchar(20) DEFAULT NULL COMMENT '创建人id',
  `modified` varchar(20) DEFAULT NULL COMMENT '最近修改人id',
  `content` text COMMENT '内容',
  `tags` varchar(200) DEFAULT NULL COMMENT '标签',
  `category` bigint(20) DEFAULT 122 COMMENT '分类' ,
  `hits` int(5) DEFAULT NULL DEFAULT 0 COMMENT '浏览量',
  `status` int(1) DEFAULT 1 COMMENT '状态,1代表发布，0代表草稿',
  `author` varchar(100) DEFAULT NULL COMMENT '作者',
  `created_datetime` datetime DEFAULT NULL COMMENT '创建时间',
  `modified_datetime` datetime DEFAULT NULL COMMENT '修改时间',
  `allow_alter` int(1) DEFAULT '1' COMMENT '允许修改,1代表允许，0代表不允许',
  `allow_read` int(1) DEFAULT '1' COMMENT '允许阅读,1代表允许，0代表不允许',
--   CHECK ( to_days(modified_datetime) > to_days(created_datetime) ),--mysql中check约束会被忽略
  FOREIGN KEY (category) REFERENCES categories(catid) ON DELETE CASCADE on UPDATE CASCADE
) ENGINE=InnoDB AUTO_INCREMENT=122 DEFAULT CHARSET=utf8 COMMENT='文章';

DELETE from `article`;
INSERT INTO `article` VALUES (76, '基于 Springboot 和 Mybatis 的后台管理系统 UniTeaSer', NULL, NULL, '<h3 style=\"color: rgb(17, 17, 17); font-family: &quot;PingFang SC&quot;, &quot;Helvetica Neue&quot;, &quot;Microsoft YaHei UI&quot;, &quot;Microsoft YaHei&quot;, &quot;Noto Sans CJK SC&quot;, Sathu, EucrosiaUPC, sans-serif;\">项目介绍</h3><ul style=\"margin-right: 0px; margin-bottom: 0px; margin-left: 0px; padding: 0px 30px; list-style-position: initial; list-style-image: initial; color: rgb(17, 17, 17); font-family: &quot;PingFang SC&quot;, &quot;Helvetica Neue&quot;, &quot;Microsoft YaHei UI&quot;, &quot;Microsoft YaHei&quot;, &quot;Noto Sans CJK SC&quot;, Sathu, EucrosiaUPC, sans-serif; font-size: 16px;\"><li><p>面向学习型的开源框架，简洁高效，减少过渡封装，展现技术本质</p></li><li><p>Springboot作为基础框架，使用mybatis作为持久层框架</p></li><li><p>使用官方推荐的thymeleaf做为模板引擎，shiro作为安全框架,主流技术，“一网打尽”</p></li><li><p>基于注解的sql写法，零XML</p></li></ul><p style=\"color: rgb(17, 17, 17); font-family: &quot;PingFang SC&quot;, &quot;Helvetica Neue&quot;, &quot;Microsoft YaHei UI&quot;, &quot;Microsoft YaHei&quot;, &quot;Noto Sans CJK SC&quot;, Sathu, EucrosiaUPC, sans-serif; font-size: 16px;\"><span style=\"font-weight: bolder;\">演示地址</span>&nbsp;<a href=\"#/\" style=\"outline: 0px; color: rgb(68, 102, 187);\">http://xxx.xxx.xx</a></p><h3 style=\"color: rgb(17, 17, 17); font-family: &quot;PingFang SC&quot;, &quot;Helvetica Neue&quot;, &quot;Microsoft YaHei UI&quot;, &quot;Microsoft YaHei&quot;, &quot;Noto Sans CJK SC&quot;, Sathu, EucrosiaUPC, sans-serif;\">功能简介</h3><p style=\"color: rgb(17, 17, 17); font-family: &quot;PingFang SC&quot;, &quot;Helvetica Neue&quot;, &quot;Microsoft YaHei UI&quot;, &quot;Microsoft YaHei&quot;, &quot;Noto Sans CJK SC&quot;, Sathu, EucrosiaUPC, sans-serif; font-size: 16px;\">1. 主页介绍<br>2. 文章管理<br>3. 文章类别管理<br>4. 文件管理<br>5. 用户管理<br></p><h3 style=\"color: rgb(17, 17, 17); font-family: &quot;PingFang SC&quot;, &quot;Helvetica Neue&quot;, &quot;Microsoft YaHei UI&quot;, &quot;Microsoft YaHei&quot;, &quot;Noto Sans CJK SC&quot;, Sathu, EucrosiaUPC, sans-serif;\">所用框架</h3><p style=\"color: rgb(17, 17, 17); font-family: &quot;PingFang SC&quot;, &quot;Helvetica Neue&quot;, &quot;Microsoft YaHei UI&quot;, &quot;Microsoft YaHei&quot;, &quot;Noto Sans CJK SC&quot;, Sathu, EucrosiaUPC, sans-serif; font-size: 16px;\"><span style=\"font-weight: bolder;\">前端</span><br>1. Bootstrap<br>2. jQuery<br>3. bootstrap-table<br>4. layer<br>5. summernote<br>6. jquery-validate<br></p><p style=\"color: rgb(17, 17, 17); font-family: &quot;PingFang SC&quot;, &quot;Helvetica Neue&quot;, &quot;Microsoft YaHei UI&quot;, &quot;Microsoft YaHei&quot;, &quot;Noto Sans CJK SC&quot;, Sathu, EucrosiaUPC, sans-serif; font-size: 16px;\"><span style=\"font-weight: bolder;\">后端</span><br>1. SpringBoot&nbsp;<br>2. MyBatis<br>3. Thymeleaf<br>4. Shiro<br></p><p style=\"color: rgb(17, 17, 17); font-family: &quot;PingFang SC&quot;, &quot;Helvetica Neue&quot;, &quot;Microsoft YaHei UI&quot;, &quot;Microsoft YaHei&quot;, &quot;Noto Sans CJK SC&quot;, Sathu, EucrosiaUPC, sans-serif; font-size: 16px;\"><span style=\"font-weight: bolder;\">项目截图</span></p><p style=\"color: rgb(17, 17, 17); font-family: &quot;PingFang SC&quot;, &quot;Helvetica Neue&quot;, &quot;Microsoft YaHei UI&quot;, &quot;Microsoft YaHei&quot;, &quot;Noto Sans CJK SC&quot;, Sathu, EucrosiaUPC, sans-serif; font-size: 16px;\"><img height=\"400\" src=\"/api/img/20190414212122.png\" width=\"650\" style=\"border-width: initial; border-style: none; outline: 0px; max-width: -webkit-fit-content;\"></p>', '', 98, 1252, 1, 'admin', '2019-4-3 16:54:42', '2019-4-24 14:35:39', 1, 1);
INSERT INTO `article` VALUES (77, 'springboot thymeleaf和shiro 整合——按钮可见性', NULL, NULL, '<p style=\"box-sizing: inherit; -webkit-tap-highlight-color: transparent; margin-bottom: 16px; color: rgb(61, 70, 77); font-family: &quot;Pingfang SC&quot;, STHeiti, &quot;Lantinghei SC&quot;, &quot;Open Sans&quot;, Arial, &quot;Hiragino Sans GB&quot;, &quot;Microsoft YaHei&quot;, &quot;WenQuanYi Micro Hei&quot;, SimSun, sans-serif; font-size: 16px; background-color: rgb(248, 248, 248);\">添加依赖</p><pre class=\"hljs xml\" style=\"box-sizing: inherit; -webkit-tap-highlight-color: transparent; padding: 2px; background: rgb(63, 63, 63); color: rgb(220, 220, 220); border-radius: 3px; line-height: 1.4; word-wrap: normal; font-family: Menlo, Monaco, Consolas, &quot;Courier New&quot;, monospace;\"><span class=\"hljs-tag\" style=\"box-sizing: inherit; -webkit-tap-highlight-color: transparent; color: rgb(227, 206, 171);\">&lt;<span class=\"hljs-name\" style=\"box-sizing: inherit; -webkit-tap-highlight-color: transparent; color: rgb(239, 239, 143);\">dependency</span>&gt;</span><code class=\"hljs xml\" style=\"box-sizing: inherit; -webkit-tap-highlight-color: transparent; display: block; overflow-x: auto; padding: 10px; background: rgb(63, 63, 63); color: rgb(220, 220, 220); border-radius: 4px; font-size: 13px; line-height: 1.4; word-wrap: normal; font-family: Menlo, Monaco, Consolas, &quot;Courier New&quot;, monospace;\"> \r\n   <span class=\"hljs-tag\" style=\"box-sizing: inherit; -webkit-tap-highlight-color: transparent; color: rgb(227, 206, 171);\"><span class=\"hljs-tag\" style=\"box-sizing: inherit; -webkit-tap-highlight-color: transparent;\">&lt;</span><span class=\"hljs-name\" style=\"box-sizing: inherit; -webkit-tap-highlight-color: transparent; color: rgb(239, 239, 143);\"><span class=\"hljs-tag\" style=\"box-sizing: inherit; -webkit-tap-highlight-color: transparent; color: rgb(227, 206, 171);\"><span class=\"hljs-name\" style=\"box-sizing: inherit; -webkit-tap-highlight-color: transparent; color: rgb(239, 239, 143);\">groupId</span></span></span><span class=\"hljs-tag\" style=\"box-sizing: inherit; -webkit-tap-highlight-color: transparent;\">&gt;</span></span>com.github.theborakompanioni<span class=\"hljs-tag\" style=\"box-sizing: inherit; -webkit-tap-highlight-color: transparent; color: rgb(227, 206, 171);\"><span class=\"hljs-tag\" style=\"box-sizing: inherit; -webkit-tap-highlight-color: transparent;\">&lt;/</span><span class=\"hljs-name\" style=\"box-sizing: inherit; -webkit-tap-highlight-color: transparent; color: rgb(239, 239, 143);\"><span class=\"hljs-tag\" style=\"box-sizing: inherit; -webkit-tap-highlight-color: transparent; color: rgb(227, 206, 171);\"><span class=\"hljs-name\" style=\"box-sizing: inherit; -webkit-tap-highlight-color: transparent; color: rgb(239, 239, 143);\">groupId</span></span></span><span class=\"hljs-tag\" style=\"box-sizing: inherit; -webkit-tap-highlight-color: transparent;\">&gt;</span></span>\r\n    <span class=\"hljs-tag\" style=\"box-sizing: inherit; -webkit-tap-highlight-color: transparent; color: rgb(227, 206, 171);\"><span class=\"hljs-tag\" style=\"box-sizing: inherit; -webkit-tap-highlight-color: transparent;\">&lt;</span><span class=\"hljs-name\" style=\"box-sizing: inherit; -webkit-tap-highlight-color: transparent; color: rgb(239, 239, 143);\"><span class=\"hljs-tag\" style=\"box-sizing: inherit; -webkit-tap-highlight-color: transparent; color: rgb(227, 206, 171);\"><span class=\"hljs-name\" style=\"box-sizing: inherit; -webkit-tap-highlight-color: transparent; color: rgb(239, 239, 143);\">artifactId</span></span></span><span class=\"hljs-tag\" style=\"box-sizing: inherit; -webkit-tap-highlight-color: transparent;\">&gt;</span></span>thymeleaf-extras-shiro<span class=\"hljs-tag\" style=\"box-sizing: inherit; -webkit-tap-highlight-color: transparent; color: rgb(227, 206, 171);\"><span class=\"hljs-tag\" style=\"box-sizing: inherit; -webkit-tap-highlight-color: transparent;\">&lt;/</span><span class=\"hljs-name\" style=\"box-sizing: inherit; -webkit-tap-highlight-color: transparent; color: rgb(239, 239, 143);\"><span class=\"hljs-tag\" style=\"box-sizing: inherit; -webkit-tap-highlight-color: transparent; color: rgb(227, 206, 171);\"><span class=\"hljs-name\" style=\"box-sizing: inherit; -webkit-tap-highlight-color: transparent; color: rgb(239, 239, 143);\">artifactId</span></span></span><span class=\"hljs-tag\" style=\"box-sizing: inherit; -webkit-tap-highlight-color: transparent;\">&gt;</span></span>\r\n    <span class=\"hljs-tag\" style=\"box-sizing: inherit; -webkit-tap-highlight-color: transparent; color: rgb(227, 206, 171);\"><span class=\"hljs-tag\" style=\"box-sizing: inherit; -webkit-tap-highlight-color: transparent;\">&lt;</span><span class=\"hljs-name\" style=\"box-sizing: inherit; -webkit-tap-highlight-color: transparent; color: rgb(239, 239, 143);\"><span class=\"hljs-tag\" style=\"box-sizing: inherit; -webkit-tap-highlight-color: transparent; color: rgb(227, 206, 171);\"><span class=\"hljs-name\" style=\"box-sizing: inherit; -webkit-tap-highlight-color: transparent; color: rgb(239, 239, 143);\">version</span></span></span><span class=\"hljs-tag\" style=\"box-sizing: inherit; -webkit-tap-highlight-color: transparent;\">&gt;</span></span></code>1.2.1<code class=\"hljs xml\" style=\"box-sizing: inherit; -webkit-tap-highlight-color: transparent; display: block; overflow-x: auto; padding: 10px; background: rgb(63, 63, 63); color: rgb(220, 220, 220); border-radius: 4px; font-size: 13px; line-height: 1.4; word-wrap: normal; font-family: Menlo, Monaco, Consolas, &quot;Courier New&quot;, monospace;\"><span class=\"hljs-tag\" style=\"box-sizing: inherit; -webkit-tap-highlight-color: transparent; color: rgb(227, 206, 171);\"><span class=\"hljs-tag\" style=\"box-sizing: inherit; -webkit-tap-highlight-color: transparent;\">&lt;/</span><span class=\"hljs-name\" style=\"box-sizing: inherit; -webkit-tap-highlight-color: transparent; color: rgb(239, 239, 143);\"><span class=\"hljs-tag\" style=\"box-sizing: inherit; -webkit-tap-highlight-color: transparent; color: rgb(227, 206, 171);\"><span class=\"hljs-name\" style=\"box-sizing: inherit; -webkit-tap-highlight-color: transparent; color: rgb(239, 239, 143);\">version</span></span></span><span class=\"hljs-tag\" style=\"box-sizing: inherit; -webkit-tap-highlight-color: transparent;\">&gt;</span></span> \r\n<span class=\"hljs-tag\" style=\"box-sizing: inherit; -webkit-tap-highlight-color: transparent; color: rgb(227, 206, 171);\"><span class=\"hljs-tag\" style=\"box-sizing: inherit; -webkit-tap-highlight-color: transparent;\">&lt;/</span><span class=\"hljs-name\" style=\"box-sizing: inherit; -webkit-tap-highlight-color: transparent; color: rgb(239, 239, 143);\"><span class=\"hljs-tag\" style=\"box-sizing: inherit; -webkit-tap-highlight-color: transparent; color: rgb(227, 206, 171);\"><span class=\"hljs-name\" style=\"box-sizing: inherit; -webkit-tap-highlight-color: transparent; color: rgb(239, 239, 143);\">dependency</span></span></span><span class=\"hljs-tag\" style=\"box-sizing: inherit; -webkit-tap-highlight-color: transparent;\">&gt;</span></span></code></pre><p style=\"box-sizing: inherit; -webkit-tap-highlight-color: transparent; margin-bottom: 16px; color: rgb(61, 70, 77); font-family: &quot;Pingfang SC&quot;, STHeiti, &quot;Lantinghei SC&quot;, &quot;Open Sans&quot;, Arial, &quot;Hiragino Sans GB&quot;, &quot;Microsoft YaHei&quot;, &quot;WenQuanYi Micro Hei&quot;, SimSun, sans-serif; font-size: 16px; background-color: rgb(248, 248, 248);\">&nbsp;</p><p style=\"box-sizing: inherit; -webkit-tap-highlight-color: transparent; margin-bottom: 16px; color: rgb(61, 70, 77); font-family: &quot;Pingfang SC&quot;, STHeiti, &quot;Lantinghei SC&quot;, &quot;Open Sans&quot;, Arial, &quot;Hiragino Sans GB&quot;, &quot;Microsoft YaHei&quot;, &quot;WenQuanYi Micro Hei&quot;, SimSun, sans-serif; font-size: 16px; background-color: rgb(248, 248, 248);\">在shiro的configuration中配置</p><pre class=\"hljs java\" style=\"box-sizing: inherit; -webkit-tap-highlight-color: transparent; padding: 2px; background: rgb(63, 63, 63); color: rgb(220, 220, 220); border-radius: 3px; line-height: 1.4; word-wrap: normal; font-family: Menlo, Monaco, Consolas, &quot;Courier New&quot;, monospace;\"><span class=\"hljs-meta\" style=\"box-sizing: inherit; -webkit-tap-highlight-color: transparent; color: rgb(127, 159, 127);\">@Bean</span>\r\n    <span class=\"hljs-function\" style=\"box-sizing: inherit; -webkit-tap-highlight-color: transparent;\"><span class=\"hljs-keyword\" style=\"box-sizing: inherit; -webkit-tap-highlight-color: transparent; color: rgb(227, 206, 171);\">public</span> ShiroDialect <span class=\"hljs-title\" style=\"box-sizing: inherit; -webkit-tap-highlight-color: transparent; color: rgb(239, 239, 143);\">shiroDialect</span><span class=\"hljs-params\" style=\"box-sizing: inherit; -webkit-tap-highlight-color: transparent;\">()</span> </span>{\r\n        <span class=\"hljs-keyword\" style=\"box-sizing: inherit; -webkit-tap-highlight-color: transparent; color: rgb(227, 206, 171);\">return</span> <span class=\"hljs-keyword\" style=\"box-sizing: inherit; -webkit-tap-highlight-color: transparent; color: rgb(227, 206, 171);\">new</span> ShiroDialect();\r\n    }</pre><p style=\"box-sizing: inherit; -webkit-tap-highlight-color: transparent; margin-bottom: 16px; color: rgb(61, 70, 77); font-family: &quot;Pingfang SC&quot;, STHeiti, &quot;Lantinghei SC&quot;, &quot;Open Sans&quot;, Arial, &quot;Hiragino Sans GB&quot;, &quot;Microsoft YaHei&quot;, &quot;WenQuanYi Micro Hei&quot;, SimSun, sans-serif; font-size: 16px; background-color: rgb(248, 248, 248);\">&nbsp;</p><p style=\"box-sizing: inherit; -webkit-tap-highlight-color: transparent; margin-bottom: 16px; color: rgb(61, 70, 77); font-family: &quot;Pingfang SC&quot;, STHeiti, &quot;Lantinghei SC&quot;, &quot;Open Sans&quot;, Arial, &quot;Hiragino Sans GB&quot;, &quot;Microsoft YaHei&quot;, &quot;WenQuanYi Micro Hei&quot;, SimSun, sans-serif; font-size: 16px; background-color: rgb(248, 248, 248);\">在html中加入xmlns</p><pre class=\"hljs xml\" style=\"box-sizing: inherit; -webkit-tap-highlight-color: transparent; padding: 2px; background: rgb(63, 63, 63); color: rgb(220, 220, 220); border-radius: 3px; line-height: 1.4; word-wrap: normal; font-family: Menlo, Monaco, Consolas, &quot;Courier New&quot;, monospace;\"><span class=\"hljs-tag\" style=\"box-sizing: inherit; -webkit-tap-highlight-color: transparent; color: rgb(227, 206, 171);\">&lt;<span class=\"hljs-name\" style=\"box-sizing: inherit; -webkit-tap-highlight-color: transparent; color: rgb(239, 239, 143);\">html</span> <span class=\"hljs-attr\" style=\"box-sizing: inherit; -webkit-tap-highlight-color: transparent;\">lang</span>=<span class=\"hljs-string\" style=\"box-sizing: inherit; -webkit-tap-highlight-color: transparent; color: rgb(204, 147, 147);\">\"zh_CN\"</span> <span class=\"hljs-attr\" style=\"box-sizing: inherit; -webkit-tap-highlight-color: transparent;\">xmlns:th</span>=<span class=\"hljs-string\" style=\"box-sizing: inherit; -webkit-tap-highlight-color: transparent; color: rgb(204, 147, 147);\">\"http://www.thymeleaf.org\"</span>\r\n      <span class=\"hljs-attr\" style=\"box-sizing: inherit; -webkit-tap-highlight-color: transparent;\">xmlns:shiro</span>=<span class=\"hljs-string\" style=\"box-sizing: inherit; -webkit-tap-highlight-color: transparent; color: rgb(204, 147, 147);\">\"http://www.pollix.at/thymeleaf/shiro\"</span>&gt;</span></pre><p style=\"box-sizing: inherit; -webkit-tap-highlight-color: transparent; margin-bottom: 16px; color: rgb(61, 70, 77); font-family: &quot;Pingfang SC&quot;, STHeiti, &quot;Lantinghei SC&quot;, &quot;Open Sans&quot;, Arial, &quot;Hiragino Sans GB&quot;, &quot;Microsoft YaHei&quot;, &quot;WenQuanYi Micro Hei&quot;, SimSun, sans-serif; font-size: 16px; background-color: rgb(248, 248, 248);\">例子</p><pre class=\"hljs scala\" style=\"box-sizing: inherit; -webkit-tap-highlight-color: transparent; padding: 2px; background: rgb(63, 63, 63); color: rgb(220, 220, 220); border-radius: 3px; line-height: 1.4; word-wrap: normal; font-family: Menlo, Monaco, Consolas, &quot;Courier New&quot;, monospace;\">&lt;button shiro:hasPermission=<span class=\"hljs-string\" style=\"box-sizing: inherit; -webkit-tap-highlight-color: transparent; color: rgb(204, 147, 147);\">\"sys:user:add\"</span> <span class=\"hljs-class\" style=\"box-sizing: inherit; -webkit-tap-highlight-color: transparent;\"><span class=\"hljs-keyword\" style=\"box-sizing: inherit; -webkit-tap-highlight-color: transparent; color: rgb(227, 206, 171);\">type</span></span>=<span class=\"hljs-string\" style=\"box-sizing: inherit; -webkit-tap-highlight-color: transparent; color: rgb(204, 147, 147);\">\"button\"</span> <span class=\"hljs-class\" style=\"box-sizing: inherit; -webkit-tap-highlight-color: transparent;\"><span class=\"hljs-keyword\" style=\"box-sizing: inherit; -webkit-tap-highlight-color: transparent; color: rgb(227, 206, 171);\">class</span></span>=<span class=\"hljs-string\" style=\"box-sizing: inherit; -webkit-tap-highlight-color: transparent; color: rgb(204, 147, 147);\">\"btn &nbsp;btn-primary\"</span> onclick=<span class=\"hljs-string\" style=\"box-sizing: inherit; -webkit-tap-highlight-color: transparent; color: rgb(204, 147, 147);\">\"add()\"</span>&gt;\r\n&nbsp;&nbsp; &lt;i <span class=\"hljs-class\" style=\"box-sizing: inherit; -webkit-tap-highlight-color: transparent;\"><span class=\"hljs-keyword\" style=\"box-sizing: inherit; -webkit-tap-highlight-color: transparent; color: rgb(227, 206, 171);\">class</span></span>=<span class=\"hljs-string\" style=\"box-sizing: inherit; -webkit-tap-highlight-color: transparent; color: rgb(204, 147, 147);\">\"fa fa-plus\"</span> aria-hidden=<span class=\"hljs-string\" style=\"box-sizing: inherit; -webkit-tap-highlight-color: transparent; color: rgb(204, 147, 147);\">\"true\"</span>&gt;&lt;/i&gt;添加\r\n&lt;/button&gt;</pre>', NULL, 98, 1237, 1, '扫地僧', '2019-4-3 16:54:42', '2019-4-4 14:44:44', 1, 1);
INSERT INTO `article` VALUES (78, 'spring boot ehcache整合', NULL, NULL, '<h3 id=\"pomxml配置-引入依赖包\" style=\"font-family: &quot;PingFang SC&quot;, &quot;Microsoft YaHei&quot;, SimHei, Arial, SimSun; color: rgb(63, 63, 63); margin: 0.8em 0px; font-size: 1.7em; padding: 0px;\">pom.xml配置 引入依赖包</h3><pre class=\"prettyprint\" style=\"font-family: &quot;Source Code Pro&quot;, monospace; font-size: 14px; white-space: nowrap; padding: 5px 5px 5px 60px; margin-bottom: 1.1em; line-height: 1.45; background-color: rgba(128, 128, 128, 0.05); border-color: rgba(128, 128, 128, 0.075); border-radius: 0px; position: relative; overflow-y: hidden;\"><code class=\"hljs xml has-numbering\" style=\"font-family: &quot;Source Code Pro&quot;, monospace; white-space: pre; background-image: initial; background-position: initial; background-size: initial; background-repeat: initial; background-attachment: initial; background-origin: initial; background-clip: initial; display: block; word-wrap: normal;\"><span class=\"hljs-tag\" style=\"margin: 0px; padding: 0px; color: rgb(0, 102, 102);\">&lt;<span class=\"hljs-title\" style=\"margin: 0px; padding: 0px; color: rgb(0, 0, 136);\">dependency</span>&gt;</span>\r\n    <span class=\"hljs-tag\" style=\"margin: 0px; padding: 0px; color: rgb(0, 102, 102);\">&lt;<span class=\"hljs-title\" style=\"margin: 0px; padding: 0px; color: rgb(0, 0, 136);\">groupId</span>&gt;</span>org.springframework.boot<span class=\"hljs-tag\" style=\"margin: 0px; padding: 0px; color: rgb(0, 102, 102);\">&lt;/<span class=\"hljs-title\" style=\"margin: 0px; padding: 0px; color: rgb(0, 0, 136);\">groupId</span>&gt;</span>\r\n    <span class=\"hljs-tag\" style=\"margin: 0px; padding: 0px; color: rgb(0, 102, 102);\">&lt;<span class=\"hljs-title\" style=\"margin: 0px; padding: 0px; color: rgb(0, 0, 136);\">artifactId</span>&gt;</span>spring-boot-starter-cache<span class=\"hljs-tag\" style=\"margin: 0px; padding: 0px; color: rgb(0, 102, 102);\">&lt;/<span class=\"hljs-title\" style=\"margin: 0px; padding: 0px; color: rgb(0, 0, 136);\">artifactId</span>&gt;</span>\r\n<span class=\"hljs-tag\" style=\"margin: 0px; padding: 0px; color: rgb(0, 102, 102);\">&lt;/<span class=\"hljs-title\" style=\"margin: 0px; padding: 0px; color: rgb(0, 0, 136);\">dependency</span>&gt;</span>\r\n<span class=\"hljs-tag\" style=\"margin: 0px; padding: 0px; color: rgb(0, 102, 102);\">&lt;<span class=\"hljs-title\" style=\"margin: 0px; padding: 0px; color: rgb(0, 0, 136);\">dependency</span>&gt;</span>\r\n    <span class=\"hljs-tag\" style=\"margin: 0px; padding: 0px; color: rgb(0, 102, 102);\">&lt;<span class=\"hljs-title\" style=\"margin: 0px; padding: 0px; color: rgb(0, 0, 136);\">groupId</span>&gt;</span>net.sf.ehcache<span class=\"hljs-tag\" style=\"margin: 0px; padding: 0px; color: rgb(0, 102, 102);\">&lt;/<span class=\"hljs-title\" style=\"margin: 0px; padding: 0px; color: rgb(0, 0, 136);\">groupId</span>&gt;</span>\r\n    <span class=\"hljs-tag\" style=\"margin: 0px; padding: 0px; color: rgb(0, 102, 102);\">&lt;<span class=\"hljs-title\" style=\"margin: 0px; padding: 0px; color: rgb(0, 0, 136);\">artifactId</span>&gt;</span>ehcache<span class=\"hljs-tag\" style=\"margin: 0px; padding: 0px; color: rgb(0, 102, 102);\">&lt;/<span class=\"hljs-title\" style=\"margin: 0px; padding: 0px; color: rgb(0, 0, 136);\">artifactId</span>&gt;</span>\r\n<span class=\"hljs-tag\" style=\"margin: 0px; padding: 0px; color: rgb(0, 102, 102);\">&lt;/<span class=\"hljs-title\" style=\"margin: 0px; padding: 0px; color: rgb(0, 0, 136);\">dependency</span>&gt;</span></code><ul class=\"pre-numbering\" style=\"margin-right: 0px; margin-bottom: 0px; margin-left: 0px; padding: 6px 0px 40px; list-style: none; position: absolute; width: 50px; background-color: rgb(238, 238, 238); top: 0px; left: 0px; border-right: 1px solid rgb(221, 221, 221); text-align: right;\"><li style=\"margin: 0px; padding: 0px 5px; list-style: none; color: rgb(153, 153, 153);\">1</li><li style=\"margin: 0px; padding: 0px 5px; list-style: none; color: rgb(153, 153, 153);\">2</li><li style=\"margin: 0px; padding: 0px 5px; list-style: none; color: rgb(153, 153, 153);\">3</li><li style=\"margin: 0px; padding: 0px 5px; list-style: none; color: rgb(153, 153, 153);\">4</li><li style=\"margin: 0px; padding: 0px 5px; list-style: none; color: rgb(153, 153, 153);\">5</li><li style=\"margin: 0px; padding: 0px 5px; list-style: none; color: rgb(153, 153, 153);\">6</li><li style=\"margin: 0px; padding: 0px 5px; list-style: none; color: rgb(153, 153, 153);\">7</li><li style=\"margin: 0px; padding: 0px 5px; list-style: none; color: rgb(153, 153, 153);\">8</li></ul></pre><h3 id=\"编写配置类设置缓存机制\" style=\"font-family: &quot;PingFang SC&quot;, &quot;Microsoft YaHei&quot;, SimHei, Arial, SimSun; color: rgb(63, 63, 63); margin: 0.8em 0px; font-size: 1.7em; padding: 0px;\">编写配置类,设置缓存机制</h3><pre class=\"prettyprint\" style=\"font-family: &quot;Source Code Pro&quot;, monospace; font-size: 14px; white-space: nowrap; padding: 5px 5px 5px 60px; margin-bottom: 1.1em; line-height: 1.45; background-color: rgba(128, 128, 128, 0.05); border-color: rgba(128, 128, 128, 0.075); border-radius: 0px; position: relative; overflow-y: hidden;\"><code class=\"hljs java has-numbering\" style=\"font-family: &quot;Source Code Pro&quot;, monospace; white-space: pre; background-image: initial; background-position: initial; background-size: initial; background-repeat: initial; background-attachment: initial; background-origin: initial; background-clip: initial; display: block; word-wrap: normal;\"><span class=\"hljs-annotation\" style=\"margin: 0px; padding: 0px; color: rgb(155, 133, 157);\">@Configuration</span>\r\n<span class=\"hljs-annotation\" style=\"margin: 0px; padding: 0px; color: rgb(155, 133, 157);\">@EnableCaching</span>\r\n<span class=\"hljs-keyword\" style=\"margin: 0px; padding: 0px; color: rgb(0, 0, 136);\">public</span> <span class=\"hljs-class\" style=\"margin: 0px; padding: 0px;\"><span class=\"hljs-keyword\" style=\"margin: 0px; padding: 0px; color: rgb(0, 0, 136);\">class</span> <span class=\"hljs-title\" style=\"margin: 0px; padding: 0px; color: rgb(102, 0, 102);\">CacheConfiguration</span> {</span>\r\n\r\n    <span class=\"hljs-annotation\" style=\"margin: 0px; padding: 0px; color: rgb(155, 133, 157);\">@Bean</span>\r\n    <span class=\"hljs-keyword\" style=\"margin: 0px; padding: 0px; color: rgb(0, 0, 136);\">public</span> EhCacheCacheManager <span class=\"hljs-title\" style=\"margin: 0px; padding: 0px;\">ehCacheCacheManager</span>(EhCacheManagerFactoryBean bean) {\r\n        <span class=\"hljs-keyword\" style=\"margin: 0px; padding: 0px; color: rgb(0, 0, 136);\">return</span> <span class=\"hljs-keyword\" style=\"margin: 0px; padding: 0px; color: rgb(0, 0, 136);\">new</span> EhCacheCacheManager(bean.getObject());\r\n    }\r\n\r\n    <span class=\"hljs-annotation\" style=\"margin: 0px; padding: 0px; color: rgb(155, 133, 157);\">@Bean</span>\r\n    <span class=\"hljs-keyword\" style=\"margin: 0px; padding: 0px; color: rgb(0, 0, 136);\">public</span> EhCacheManagerFactoryBean <span class=\"hljs-title\" style=\"margin: 0px; padding: 0px;\">ehCacheManagerFactoryBean</span>() {\r\n        EhCacheManagerFactoryBean cacheManagerFactoryBean = <span class=\"hljs-keyword\" style=\"margin: 0px; padding: 0px; color: rgb(0, 0, 136);\">new</span> EhCacheManagerFactoryBean();\r\n        cacheManagerFactoryBean.setConfigLocation(<span class=\"hljs-keyword\" style=\"margin: 0px; padding: 0px; color: rgb(0, 0, 136);\">new</span> ClassPathResource(<span class=\"hljs-string\" style=\"margin: 0px; padding: 0px; color: rgb(0, 136, 0);\">\"config/ehcache.xml\"</span>));\r\n        cacheManagerFactoryBean.setShared(<span class=\"hljs-keyword\" style=\"margin: 0px; padding: 0px; color: rgb(0, 0, 136);\">true</span>);\r\n        <span class=\"hljs-keyword\" style=\"margin: 0px; padding: 0px; color: rgb(0, 0, 136);\">return</span> cacheManagerFactoryBean;\r\n    }\r\n}</code><ul class=\"pre-numbering\" style=\"margin-right: 0px; margin-bottom: 0px; margin-left: 0px; padding: 6px 0px 40px; list-style: none; position: absolute; width: 50px; background-color: rgb(238, 238, 238); top: 0px; left: 0px; border-right: 1px solid rgb(221, 221, 221); text-align: right;\"><li style=\"margin: 0px; padding: 0px 5px; list-style: none; color: rgb(153, 153, 153);\">1</li><li style=\"margin: 0px; padding: 0px 5px; list-style: none; color: rgb(153, 153, 153);\">2</li><li style=\"margin: 0px; padding: 0px 5px; list-style: none; color: rgb(153, 153, 153);\">3</li><li style=\"margin: 0px; padding: 0px 5px; list-style: none; color: rgb(153, 153, 153);\">4</li><li style=\"margin: 0px; padding: 0px 5px; list-style: none; color: rgb(153, 153, 153);\">5</li><li style=\"margin: 0px; padding: 0px 5px; list-style: none; color: rgb(153, 153, 153);\">6</li><li style=\"margin: 0px; padding: 0px 5px; list-style: none; color: rgb(153, 153, 153);\">7</li><li style=\"margin: 0px; padding: 0px 5px; list-style: none; color: rgb(153, 153, 153);\">8</li><li style=\"margin: 0px; padding: 0px 5px; list-style: none; color: rgb(153, 153, 153);\">9</li><li style=\"margin: 0px; padding: 0px 5px; list-style: none; color: rgb(153, 153, 153);\">10</li><li style=\"margin: 0px; padding: 0px 5px; list-style: none; color: rgb(153, 153, 153);\">11</li><li style=\"margin: 0px; padding: 0px 5px; list-style: none; color: rgb(153, 153, 153);\">12</li><li style=\"margin: 0px; padding: 0px 5px; list-style: none; color: rgb(153, 153, 153);\">13</li><li style=\"margin: 0px; padding: 0px 5px; list-style: none; color: rgb(153, 153, 153);\">14</li><li style=\"margin: 0px; padding: 0px 5px; list-style: none; color: rgb(153, 153, 153);\">15</li><li style=\"margin: 0px; padding: 0px 5px; list-style: none; color: rgb(153, 153, 153);\">16</li><li style=\"margin: 0px; padding: 0px 5px; list-style: none; color: rgb(153, 153, 153);\">17</li></ul></pre><p style=\"margin-bottom: 1.1em; padding: 0px; color: rgb(63, 63, 63); font-family: &quot;microsoft yahei&quot;; font-size: 15px;\">ehcache.xml配置:</p><pre class=\"prettyprint\" style=\"font-family: &quot;Source Code Pro&quot;, monospace; font-size: 14px; white-space: nowrap; padding: 5px 5px 5px 60px; margin-bottom: 1.1em; line-height: 1.45; background-color: rgba(128, 128, 128, 0.05); border-color: rgba(128, 128, 128, 0.075); border-radius: 0px; position: relative; overflow-y: hidden;\"><code class=\"hljs xml has-numbering\" style=\"font-family: &quot;Source Code Pro&quot;, monospace; white-space: pre; background-image: initial; background-position: initial; background-size: initial; background-repeat: initial; background-attachment: initial; background-origin: initial; background-clip: initial; display: block; word-wrap: normal;\"><span class=\"hljs-pi\" style=\"margin: 0px; padding: 0px; color: rgb(0, 102, 102);\">&lt;?xml version=\"1.0\" encoding=\"UTF-8\"?&gt;</span>\r\n<span class=\"hljs-tag\" style=\"margin: 0px; padding: 0px; color: rgb(0, 102, 102);\">&lt;<span class=\"hljs-title\" style=\"margin: 0px; padding: 0px; color: rgb(0, 0, 136);\">ehcache</span> <span class=\"hljs-attribute\" style=\"margin: 0px; padding: 0px; color: rgb(102, 0, 102);\">xmlns:xsi</span>=<span class=\"hljs-value\" style=\"margin: 0px; padding: 0px; color: rgb(0, 136, 0);\">\"http://www.w3.org/2001/XMLSchema-instance\"</span> <span class=\"hljs-attribute\" style=\"margin: 0px; padding: 0px; color: rgb(102, 0, 102);\">xsi:noNamespaceSchemaLocation</span>=<span class=\"hljs-value\" style=\"margin: 0px; padding: 0px; color: rgb(0, 136, 0);\">\"http://ehcache.org/ehcache.xsd\"</span>\r\n    <span class=\"hljs-attribute\" style=\"margin: 0px; padding: 0px; color: rgb(102, 0, 102);\">updateCheck</span>=<span class=\"hljs-value\" style=\"margin: 0px; padding: 0px; color: rgb(0, 136, 0);\">\"false\"</span>&gt;</span>\r\n    <span class=\"hljs-comment\" style=\"margin: 0px; padding: 0px; color: rgb(136, 0, 0);\">&lt;!-- diskStore：为缓存路径，ehcache分为内存和磁盘两级，此属性定义磁盘的缓存位置。\r\n    参数解释如下： user.home – 用户主目录 \r\n    user.dir – 用户当前工作目录 \r\n    java.io.tmpdir – 默认临时文件路径 --&gt;</span>\r\n    <span class=\"hljs-tag\" style=\"margin: 0px; padding: 0px; color: rgb(0, 102, 102);\">&lt;<span class=\"hljs-title\" style=\"margin: 0px; padding: 0px; color: rgb(0, 0, 136);\">diskStore</span> <span class=\"hljs-attribute\" style=\"margin: 0px; padding: 0px; color: rgb(102, 0, 102);\">path</span>=<span class=\"hljs-value\" style=\"margin: 0px; padding: 0px; color: rgb(0, 136, 0);\">\"java.io.tmpdir/Tmp_EhCache\"</span> /&gt;</span>\r\n    <span class=\"hljs-comment\" style=\"margin: 0px; padding: 0px; color: rgb(136, 0, 0);\">&lt;!-- defaultCache：默认缓存策略，当ehcache找不到定义的缓存时，则使用这个缓存策略。只能定义一个。 --&gt;</span>\r\n    <span class=\"hljs-comment\" style=\"margin: 0px; padding: 0px; color: rgb(136, 0, 0);\">&lt;!-- name:缓存名称。 \r\n        maxElementsInMemory:缓存最大数目\r\n        maxElementsOnDisk：硬盘最大缓存个数。 \r\n        eternal:对象是否永久有效，一但设置了，timeout将不起作用。 \r\n        overflowToDisk:是否保存到磁盘，当系统当机时 \r\n        timeToIdleSeconds:设置对象在失效前的允许闲置时间（单位：秒）。仅当eternal=false对象不是永久有效时使 用，可选属性，默认值是0，也就是可闲置时间无穷大。\r\n        timeToLiveSeconds:设置对象在失效前允许存活时间（单位：秒）。最大时间介于创建时间和失效时间之间。仅 当eternal=false对象不是永久有效时使用，默认是0.，也就是对象存活时间无穷大。 \r\n        diskPersistent：是否缓存虚拟机重启期数据Whether the disk store persists between restarts \r\n        of the Virtual Machine. The default value is false. \r\n        diskSpoolBufferSizeMB：这个参数设置DiskStore（磁盘缓存）的缓存区大小。默认是30MB。每个Cache都应该 有自己的一个缓冲区。 \r\n        diskExpiryThreadIntervalSeconds：磁盘失效线程运行时间间隔，默认是120秒。 \r\n        memoryStoreEvictionPolicy：当达到maxElementsInMemory限制时，Ehcache将会根据指定的策略去清理内 存。默认策略是LRU（最近最少使用）。\r\n        你可以设置为FIFO（先进先出）或是LFU（较少使用）。 \r\n        clearOnFlush：内存数量最大时是否清除。\r\n        memoryStoreEvictionPolicy:可选策略有：LRU（最近最少使用，默认策略）、FIFO（先进先出）、LFU（最少 访问次数）。 \r\n         FIFO，first in first out，这个是大家最熟的，先进先出。\r\n         LFU， Less Frequently Used，就是上面例子中使用的策略，直白一点就是讲一直以来最少被使用的。如上面 所讲，缓存的元素有一个hit属性，hit值最小的将会被清出缓存。 \r\n         LRU，Least Recently Used，最近最少使用的，缓存的元素有一个时间戳，当缓存容量满了，而又需要腾出地 方来缓存新的元素的时候，\r\n         那么现有缓存元素中时间戳离当前时间最远的元素将被清出缓存。 --&gt;</span>\r\n    <span class=\"hljs-tag\" style=\"margin: 0px; padding: 0px; color: rgb(0, 102, 102);\">&lt;<span class=\"hljs-title\" style=\"margin: 0px; padding: 0px; color: rgb(0, 0, 136);\">defaultCache</span> <span class=\"hljs-attribute\" style=\"margin: 0px; padding: 0px; color: rgb(102, 0, 102);\">eternal</span>=<span class=\"hljs-value\" style=\"margin: 0px; padding: 0px; color: rgb(0, 136, 0);\">\"false\"</span> <span class=\"hljs-attribute\" style=\"margin: 0px; padding: 0px; color: rgb(102, 0, 102);\">maxElementsInMemory</span>=<span class=\"hljs-value\" style=\"margin: 0px; padding: 0px; color: rgb(0, 136, 0);\">\"1000\"</span> <span class=\"hljs-attribute\" style=\"margin: 0px; padding: 0px; color: rgb(102, 0, 102);\">overflowToDisk</span>=<span class=\"hljs-value\" style=\"margin: 0px; padding: 0px; color: rgb(0, 136, 0);\">\"false\"</span> <span class=\"hljs-attribute\" style=\"margin: 0px; padding: 0px; color: rgb(102, 0, 102);\">diskPersistent</span>=<span class=\"hljs-value\" style=\"margin: 0px; padding: 0px; color: rgb(0, 136, 0);\">\"false\"</span>\r\n        <span class=\"hljs-attribute\" style=\"margin: 0px; padding: 0px; color: rgb(102, 0, 102);\">timeToIdleSeconds</span>=<span class=\"hljs-value\" style=\"margin: 0px; padding: 0px; color: rgb(0, 136, 0);\">\"0\"</span> <span class=\"hljs-attribute\" style=\"margin: 0px; padding: 0px; color: rgb(102, 0, 102);\">timeToLiveSeconds</span>=<span class=\"hljs-value\" style=\"margin: 0px; padding: 0px; color: rgb(0, 136, 0);\">\"600\"</span> <span class=\"hljs-attribute\" style=\"margin: 0px; padding: 0px; color: rgb(102, 0, 102);\">memoryStoreEvictionPolicy</span>=<span class=\"hljs-value\" style=\"margin: 0px; padding: 0px; color: rgb(0, 136, 0);\">\"LRU\"</span> /&gt;</span>\r\n    <span class=\"hljs-tag\" style=\"margin: 0px; padding: 0px; color: rgb(0, 102, 102);\">&lt;<span class=\"hljs-title\" style=\"margin: 0px; padding: 0px; color: rgb(0, 0, 136);\">cache</span> <span class=\"hljs-attribute\" style=\"margin: 0px; padding: 0px; color: rgb(102, 0, 102);\">name</span>=<span class=\"hljs-value\" style=\"margin: 0px; padding: 0px; color: rgb(0, 136, 0);\">\"snailAuthCache\"</span> <span class=\"hljs-attribute\" style=\"margin: 0px; padding: 0px; color: rgb(102, 0, 102);\">eternal</span>=<span class=\"hljs-value\" style=\"margin: 0px; padding: 0px; color: rgb(0, 136, 0);\">\"false\"</span> <span class=\"hljs-attribute\" style=\"margin: 0px; padding: 0px; color: rgb(102, 0, 102);\">maxElementsInMemory</span>=<span class=\"hljs-value\" style=\"margin: 0px; padding: 0px; color: rgb(0, 136, 0);\">\"10000\"</span> <span class=\"hljs-attribute\" style=\"margin: 0px; padding: 0px; color: rgb(102, 0, 102);\">overflowToDisk</span>=<span class=\"hljs-value\" style=\"margin: 0px; padding: 0px; color: rgb(0, 136, 0);\">\"false\"</span> <span class=\"hljs-attribute\" style=\"margin: 0px; padding: 0px; color: rgb(102, 0, 102);\">diskPersistent</span>=<span class=\"hljs-value\" style=\"margin: 0px; padding: 0px; color: rgb(0, 136, 0);\">\"false\"</span>\r\n        <span class=\"hljs-attribute\" style=\"margin: 0px; padding: 0px; color: rgb(102, 0, 102);\">timeToIdleSeconds</span>=<span class=\"hljs-value\" style=\"margin: 0px; padding: 0px; color: rgb(0, 136, 0);\">\"0\"</span> <span class=\"hljs-attribute\" style=\"margin: 0px; padding: 0px; color: rgb(102, 0, 102);\">timeToLiveSeconds</span>=<span class=\"hljs-value\" style=\"margin: 0px; padding: 0px; color: rgb(0, 136, 0);\">\"0\"</span> <span class=\"hljs-attribute\" style=\"margin: 0px; padding: 0px; color: rgb(102, 0, 102);\">memoryStoreEvictionPolicy</span>=<span class=\"hljs-value\" style=\"margin: 0px; padding: 0px; color: rgb(0, 136, 0);\">\"LFU\"</span> /&gt;</span>\r\n<span class=\"hljs-tag\" style=\"margin: 0px; padding: 0px; color: rgb(0, 102, 102);\">&lt;/<span class=\"hljs-title\" style=\"margin: 0px; padding: 0px; color: rgb(0, 0, 136);\">ehcache</span>&gt;</span></code><ul class=\"pre-numbering\" style=\"margin-right: 0px; margin-bottom: 0px; margin-left: 0px; padding: 6px 0px 40px; list-style: none; position: absolute; width: 50px; background-color: rgb(238, 238, 238); top: 0px; left: 0px; border-right: 1px solid rgb(221, 221, 221); text-align: right;\"><li style=\"margin: 0px; padding: 0px 5px; list-style: none; color: rgb(153, 153, 153);\">1</li><li style=\"margin: 0px; padding: 0px 5px; list-style: none; color: rgb(153, 153, 153);\">2</li><li style=\"margin: 0px; padding: 0px 5px; list-style: none; color: rgb(153, 153, 153);\">3</li><li style=\"margin: 0px; padding: 0px 5px; list-style: none; color: rgb(153, 153, 153);\">4</li><li style=\"margin: 0px; padding: 0px 5px; list-style: none; color: rgb(153, 153, 153);\">5</li><li style=\"margin: 0px; padding: 0px 5px; list-style: none; color: rgb(153, 153, 153);\">6</li><li style=\"margin: 0px; padding: 0px 5px; list-style: none; color: rgb(153, 153, 153);\">7</li><li style=\"margin: 0px; padding: 0px 5px; list-style: none; color: rgb(153, 153, 153);\">8</li><li style=\"margin: 0px; padding: 0px 5px; list-style: none; color: rgb(153, 153, 153);\">9</li><li style=\"margin: 0px; padding: 0px 5px; list-style: none; color: rgb(153, 153, 153);\">10</li><li style=\"margin: 0px; padding: 0px 5px; list-style: none; color: rgb(153, 153, 153);\">11</li><li style=\"margin: 0px; padding: 0px 5px; list-style: none; color: rgb(153, 153, 153);\">12</li><li style=\"margin: 0px; padding: 0px 5px; list-style: none; color: rgb(153, 153, 153);\">13</li><li style=\"margin: 0px; padding: 0px 5px; list-style: none; color: rgb(153, 153, 153);\">14</li><li style=\"margin: 0px; padding: 0px 5px; list-style: none; color: rgb(153, 153, 153);\">15</li><li style=\"margin: 0px; padding: 0px 5px; list-style: none; color: rgb(153, 153, 153);\">16</li><li style=\"margin: 0px; padding: 0px 5px; list-style: none; color: rgb(153, 153, 153);\">17</li><li style=\"margin: 0px; padding: 0px 5px; list-style: none; color: rgb(153, 153, 153);\">18</li><li style=\"margin: 0px; padding: 0px 5px; list-style: none; color: rgb(153, 153, 153);\">19</li><li style=\"margin: 0px; padding: 0px 5px; list-style: none; color: rgb(153, 153, 153);\">20</li><li style=\"margin: 0px; padding: 0px 5px; list-style: none; color: rgb(153, 153, 153);\">21</li><li style=\"margin: 0px; padding: 0px 5px; list-style: none; color: rgb(153, 153, 153);\">22</li><li style=\"margin: 0px; padding: 0px 5px; list-style: none; color: rgb(153, 153, 153);\">23</li><li style=\"margin: 0px; padding: 0px 5px; list-style: none; color: rgb(153, 153, 153);\">24</li><li style=\"margin: 0px; padding: 0px 5px; list-style: none; color: rgb(153, 153, 153);\">25</li><li style=\"margin: 0px; padding: 0px 5px; list-style: none; color: rgb(153, 153, 153);\">26</li><li style=\"margin: 0px; padding: 0px 5px; list-style: none; color: rgb(153, 153, 153);\">27</li><li style=\"margin: 0px; padding: 0px 5px; list-style: none; color: rgb(153, 153, 153);\">28</li><li style=\"margin: 0px; padding: 0px 5px; list-style: none; color: rgb(153, 153, 153);\">29</li><li style=\"margin: 0px; padding: 0px 5px; list-style: none; color: rgb(153, 153, 153);\">30</li><li style=\"margin: 0px; padding: 0px 5px; list-style: none; color: rgb(153, 153, 153);\">31</li><li style=\"margin: 0px; padding: 0px 5px; list-style: none; color: rgb(153, 153, 153);\">32</li><li style=\"margin: 0px; padding: 0px 5px; list-style: none; color: rgb(153, 153, 153);\">33</li></ul><div class=\"save_code tracking-ad\" data-mod=\"popu_249\" style=\"margin: 0px; padding: 0px; position: absolute; height: 60px; right: 30px; top: 5px; color: rgb(255, 255, 255); cursor: pointer; z-index: 2;\"><a style=\"color: rgb(202, 12, 22); margin: 0px; padding: 0px; outline: none;\"><img src=\"http://static.blog.csdn.net/images/save_snippets.png\" style=\"outline: none; max-width: 100%;\"></a></div></pre><h3 id=\"测试\" style=\"font-family: &quot;PingFang SC&quot;, &quot;Microsoft YaHei&quot;, SimHei, Arial, SimSun; color: rgb(63, 63, 63); margin: 0.8em 0px; font-size: 1.7em; padding: 0px;\"><br></h3>', '', 148, 1234, 1, 'admin', '2019-4-3 16:54:42', '2019-4-22 14:13:22', 1, 0);
INSERT INTO `article` VALUES (80, '学校简介', NULL, NULL, '<div class=\"maincontent\"><img alt=\"\" width=\"320\" height=\"192\" style=\"float: right; margin-left: 8px\" src=\"/api/img/uniProfile.jpg\">\r\n						<p>南昌大学是国家“双一流”计划世界一流学科建设高校，是江西省唯一的国家“211工程”重点建设高校，是教育部与江西省部省合建高校，是江西省高水平大学整体建设高校。</p>\r\n						<p>学校地处“英雄城”南昌市，拥有前湖、青山湖、东湖、鄱阳湖和抚州5个校区，其中前湖主校区占地面积4520亩，校舍建筑面积150万平方米。</p>\r\n						<p>学校办学始于1921年创办的江西公立医学专门学校和1940年创建的国立中正大学。1993年，江西大学与江西工业大学合并组建南昌大学，开创了全国高等教育体制改革的先河。2005年，南昌大学与江西医学院合并组建新南昌大学，揭开了学校改革发展的崭新一页。党和国家领导人、教育部和江西省委、省政府高度重视学校的建设与发展。2008年10月，习近平同志视察学校时深情寄语“南昌大学前景无限”。2016年2月，习近平总书记再次亲临学校视察，就高校科研创新和人才培养发表重要讲话，并勉励学校走创新发展之路，希望当代大学生珍惜韶华，用青春铺路，让理想延伸。</p>\r\n						<p>学校现设有人文学部、社科学部、理工一部、理工二部和医学部，拥有12个学科门类的100多个本科专业，3个国家重点（培育）学科， 15个博士学位授权一级学科, 46个硕士学位授权一级学科，1种博士专业学位授权和23种硕士专业学位授权（其中工程硕士有20个领域），11个博士后科研流动站。学校设有5所附属医院，共有9个国家临床重点专科。学校的化学、临床医学、农业科学（食品科学与工程为主）、工程学、材料科学、药理学与毒理学等6个学科进入ESI世界排名前1%，其中农业科学（食品科学与工程为主）进入ESI世界排名前2.2‰，临床医学进入ESI世界排名前4‰，化学进入ESI世界排名前5.2‰。在全国第四轮学科整体水平评估中，食品科学与工程学科位列第3名。</p>\r\n						<p>学校本部现有教职工4392人（其中专任教师2516人，正副教授1416人），其中“双聘”院士4人，国家“973计划”首席科学家2人，国家“千人计划”创新项目入选者5人、“青年千人计划”入选者4人，国家“万人计划”领军人才8人，国家“杰出青年科学基金”获得者6人、“优秀青年科学基金”获得者2人，“长江学者”特聘教授6人，中科院“百人计划”人选1人，全国优秀博士学位论文指导教师1人，国家“百千万人才工程”16人，国际食品科学院院士1人，国务院学位委员会学科评议组成员1人，教育部科学技术委员会学部委员2人，国家科技部领军人才3人，教育部“新（跨）世纪优秀人才支持计划”12人。学校涌现了国际护理界最高荣誉奖“南丁格尔奖章”获得者邹德凤、全国优秀共产党员江风益等一批崇尚师德、爱岗敬业的典型。</p>\r\n						<p>学校本部现有全日制本科学生35213人，各类研究生14980人，国（境）外学生1400余人。学校积极探索拔尖创新人才培养新模式，成立了“际銮书院”，推行跨学科、跨学院培养人才的改革。2014年荣获国家级教学成果二等奖3项，2018年荣获国家级教学成果二等奖2项。建校以来，学校共培养了40多万优秀人才，为国家和地方经济社会发展作出了重要贡献。</p>\r\n						<p>学校是教育部普通高校本科教学工作水平评估优秀高校，顺利接受本科教学工作审核评估，具备扎实的办学基础。现有1名国家教学名师，1个国家级教学团队，1门国家级双语教学示范课程，2门国家级精品课程，1门国家级英语授课品牌课程，4门国家级精品视频公开课，2门国家级精品资源共享课，3门国家级精品在线开放课程，3个国家级专业综合改革试点项目，9种“十二五”国家级规划教材，9个国家级特色专业，2个国家级虚拟仿真实验教学中心，5个国家实验教学示范中心，2个国家级大学生校外实践教育基地，4个国家级工程实践教育中心，14个本科国家级卓越人才教育培养计划专业。学校是全国首批深化创新创业教育改革示范高校，是教育部中国教育和科研计算机网（CERNET）江西主节点单位，是江西唯一参与中国下一代互联网示范工程CNGI建设的高校。</p>\r\n						<p>学校现有1个国家重点实验室，1个国家工程技术研究中心，1个国家地方联合工程研究中心，1个国家示范型国际科技合作基地，1个中国-加拿大食品科学与技术联合实验室（南昌）, 1个教育部人文社会科学重点研究基地，1个全国红色旅游创新发展研究基地，2个教育部重点实验室，3个教育部工程研究中心，1个国家级大学科技园，9个江西省协同创新中心。2018年，学校获批国家自然科学基金立项259项，立项经费达1.06亿元，立项数排名全国第26位，其中获批2项基金重点项目和1项国家杰出青年科学基金项目。获国家社会科学基金28项，其中获批3项基金重点项目、2项基金重大项目。</p>\r\n						<p>学校协同创新能力不断增强，取得了一批原创性、标志性、有特色的科研成果。江风益教授团队“硅衬底高光效GaN基蓝色发光二极管”项目摘得2015年度唯一国家技术发明一等奖，这是自国家科学技术奖设立以来，首次由地方高校获得的一等奖，正助推江西打造“南昌光谷”。学校高水平科研论文取得突破，先后在Science、Nature子刊和Cell Stem Cell上发表。学校还与政府、企事业单位开展全方位、多层次合作，促进科技成果转化，推进政产学研用紧密结合。</p>\r\n						<p>学校重视国际化办学，与30多个国家（地区）的150余所高校与科研机构建立了交流与合作关系。学校与加拿大农业与农业食品部共建了食品科学与食品安全联合实验室，与俄罗斯高校共建了俄语中心，建立了10个海外实习基地。与英国伦敦玛丽女王大学的合作办学，是国内生物医学领域最高层次的中外合作办学项目。学校分别在法国、西班牙与印度尼西亚设立了孔子学院与孔子学堂，在俄罗斯设立了汉语研究中心。具备香港、澳门、台湾免试招生资格，近几年共有3000余名学生赴国（境）外合作院校交流学习或联合培养。</p>\r\n						<p>进入新时代，南昌大学坚持以立德树人为根本，创新引领、改革攻坚，奋力开启新时代高水平大学建设新征程，努力提升办学治校、服务国家地方新境界，开创“育人为本、创新引领、合建驱动、改革攻坚、实干兴校、拼争一流”新局面，书写创建高水平大学实现百年辉煌的奋进之笔。</p>\r\n						<p style=\"text-align: right\">（数据截止时间2018年12月）</p>\r\n					</div>', 'uniProfile', 100, 13, 1, '管理员', '2017-9-30 14:43:30', '2017-9-30 14:43:30', 1, 0);
INSERT INTO `article` VALUES (81, '校训校徽', NULL, NULL, '<div class=\"maincontent\">\r\n						<h2><span class=\"b1\">校训：格物致新 厚德泽人</span></h2>\r\n						<br>\r\n						<p>“格物”取自《礼记·大学》：“致知在格物，格物而后知至，知至而后意诚，意诚而后心正，心正而后身修”。“致新”，则有“作新民”和“创新”双重意思。“格物致新”意在告知师生要追求真理、人文日新。 “厚德”语出《易经》：“地势坤，君子以厚德载物”。 指人要像大地那样有包容、宽忍的大境界。“厚德泽人”就是说我们自己的一切能力不仅是为自身的发展，更为服务于整个人类社会的进步与幸福。</p>\r\n						<h2><span class=\"b1\">校徽</span></h2>\r\n						<br>\r\n						<div style=\"text-align: center\"><img alt=\"\" width=\"392\" src=\"/api/img/nculogo.jpg\" style=\"width: 25%;\"></div>\r\n						<p>南昌大学校徽徽标主体色为蓝色，蓝色套边类似蓝色青花瓷盘，富有江西特征。圆环中是一棵樟树，茂密的枝干表示南昌大学是一所文理渗透、理工结合的综合性大学，同时也象征南大蓬勃旺盛的生命力和“百年树人”的教学风范。樟树是江西省的省树。“南昌大学”校名由赵朴初题写。</p>\r\n						<h2><span class=\"b1\">校歌</span></h2>\r\n						<p>王易原词 周明改编 遥远曲</p><p>\r\n						</p><p></p><p>歌词：<br></p><blockquote>\r\n              &nbsp;&nbsp;赣水之滨西山麓，蓬勃朝气迎晨曦，巍巍昌大宏规启，弦歌既倡薪火继。<br>\r\n              &nbsp;&nbsp;扬六艺，张四维；励志节，戒荒嬉。重科学，笃日新；图自强，养大气。<br>\r\n              &nbsp;&nbsp;求知力行期有为，崇德尚能兴华夏。继往开来，开来兮，责在斯！</blockquote><p></p>\r\n					</div>', 'uniMotto', 100, 12, 1, 'admin', '2017-9-30 14:43:09', '2019-4-16 10:07:32', 1, 0);
INSERT INTO `article` VALUES (83, '我校为江西省唯一双入选全国高校首届“百个研究生样板党支部”和“百名研究生党员标兵”高校。', NULL, NULL, '<p align=\"center\" style=\"font-family: 宋体; font-size: 14px; background-image: initial; background-position: initial; background-size: initial; background-repeat: initial; background-attachment: initial; background-origin: initial; background-clip: initial; text-align: justify;\"><span style=\"color: rgb(51, 51, 51);\"><br><img alt=\"\" src=\"http://yjsy.ncu.edu.cn/www/Edit/uploadfile/image/20190204/20190204143934523452.jpg\"><span style=\"font-size: 12.5pt;\"></span></span></p><p style=\"font-family: 宋体; font-size: 14px; text-indent: 2em;\"><br></p><span style=\"font-family: 华文仿宋; color: rgb(51, 51, 51); font-size: 16pt;\">日前，已经正式公布了全国高校</span><span style=\"font-family: 华文仿宋; color: rgb(51, 51, 51); font-size: 16pt;\">“</span><span style=\"font-family: 华文仿宋; color: rgb(51, 51, 51); font-size: 16pt;\">百个研究生样板党支部</span><span style=\"font-family: 华文仿宋; color: rgb(51, 51, 51); font-size: 16pt;\">”</span><span style=\"font-family: 华文仿宋; color: rgb(51, 51, 51); font-size: 16pt;\">和</span><span style=\"font-family: 华文仿宋; color: rgb(51, 51, 51); font-size: 16pt;\">“</span><span style=\"font-family: 华文仿宋; color: rgb(51, 51, 51); font-size: 16pt;\">百名研究生党员标兵</span><span style=\"font-family: 华文仿宋; color: rgb(51, 51, 51); font-size: 16pt;\">”</span><span style=\"font-family: 华文仿宋; color: rgb(51, 51, 51); font-size: 16pt;\">名单。</span><span style=\"font-family: 华文仿宋; font-size: 16pt;\">&nbsp;经组织推荐、专家通讯评审、教育部党建工作领导小组成员单位集中审议、结果公示，教育部在全国高校范围内共评选了</span><span style=\"font-family: 华文仿宋; color: rgb(51, 51, 51); font-size: 16pt;\">97</span><span style=\"font-family: 华文仿宋; color: rgb(51, 51, 51); font-size: 16pt;\">个研究生样板党支部和</span><span style=\"font-family: 华文仿宋; color: rgb(51, 51, 51); font-size: 16pt;\">100</span><span style=\"font-family: 华文仿宋; color: rgb(51, 51, 51); font-size: 16pt;\">名研究生党员标兵。</span><span style=\"font-family: 华文仿宋; font-size: 16pt;\"></span><span style=\"font-family: 宋体; font-size: 14px;\"></span><p style=\"font-family: 宋体; font-size: 14px;\"><br></p><p style=\"font-family: 宋体; font-size: 14px; text-indent: 2em;\"></p><p style=\"font-family: 宋体; font-size: 14px; background-image: initial; background-position: initial; background-size: initial; background-repeat: initial; background-attachment: initial; background-origin: initial; background-clip: initial; text-align: justify; text-indent: 32pt;\"><span style=\"font-family: 华文仿宋; color: rgb(51, 51, 51); font-size: 16pt;\">我校推荐的研究生党支部和研究生党员</span><span style=\"font-family: 华文仿宋; color: red; font-size: 16pt;\">食品学院博士第二党支部</span><span style=\"font-family: 华文仿宋; font-size: 16pt;\">和</span><span style=\"font-family: 华文仿宋; color: red; font-size: 16pt;\">2016</span><span style=\"font-family: 华文仿宋; color: red; font-size: 16pt;\">级哲学硕士研究生曾嘉同学</span><span style=\"font-family: 华文仿宋; font-size: 16pt;\">双双入<span style=\"color: rgb(51, 51, 51);\">选，据悉，同时获评样板党支部和党员标兵的高校只有</span></span><span style=\"font-family: 华文仿宋; color: rgb(51, 51, 51); font-size: 16pt;\">41</span><span style=\"font-family: 华文仿宋; color: rgb(51, 51, 51); font-size: 16pt;\">所。南昌大学是江西省唯一</span><span style=\"font-family: 华文仿宋; color: rgb(51, 51, 51); font-size: 16pt;\">“</span><span style=\"font-family: 华文仿宋; color: rgb(51, 51, 51); font-size: 16pt;\">双入选</span><span style=\"font-family: 华文仿宋; color: rgb(51, 51, 51); font-size: 16pt;\">”“</span><span style=\"font-family: 华文仿宋; color: rgb(51, 51, 51); font-size: 16pt;\">双百</span><span style=\"font-family: 华文仿宋; color: rgb(51, 51, 51); font-size: 16pt;\">”</span><span style=\"font-family: 华文仿宋; color: rgb(51, 51, 51); font-size: 16pt;\">高校。</span><span style=\"font-family: 华文仿宋; font-size: 16pt;\"></span></p><p style=\"font-family: 宋体; font-size: 14px; text-indent: 2em;\"></p><p style=\"font-family: 宋体; font-size: 14px; text-indent: 32pt;\"><span style=\"font-family: 华文仿宋; font-size: 16pt;\">我校在本次教育部研究生党建</span><span style=\"font-family: 华文仿宋; font-size: 16pt;\">“</span><span style=\"font-family: 华文仿宋; font-size: 16pt;\">双创</span><span style=\"font-family: 华文仿宋; font-size: 16pt;\">”</span><span style=\"font-family: 华文仿宋; font-size: 16pt;\">活动中喜获佳绩，是在校党委的坚强领导下高位推动研究生党建管理体系和大力加强党员教育机制的重要成果。希望全校各研究生党支部和广大研究生党员能够向本次获评的优秀集体、个人学习，共同营造起见贤思齐、奋勇争先的良好氛围，将我校研究生党建工作继续推向实处、引向深入，为我校</span><span style=\"font-family: 华文仿宋; font-size: 16pt;\">“</span><span style=\"font-family: 华文仿宋; font-size: 16pt;\">双一流</span><span style=\"font-family: 华文仿宋; font-size: 16pt;\">”</span><span style=\"font-family: 华文仿宋; font-size: 16pt;\">建设和</span><span style=\"font-family: 华文仿宋; font-size: 16pt;\">“</span><span style=\"font-family: 华文仿宋; font-size: 16pt;\">部省合建</span><span style=\"font-family: 华文仿宋; font-size: 16pt;\">”</span><span style=\"font-family: 华文仿宋; font-size: 16pt;\">作出新的贡献。</span></p>', '', 99, 1287, 1, 'admin', '2019-4-3 16:54:42', '2019-4-22 14:20:39', 1, 1);
INSERT INTO `article` VALUES (84, '我校承办“第四届大学英语信息技术与课程教学深度融合学术论坛”', NULL, NULL, '<div class=\"article_show clearfix\" style=\"margin: 0px; padding: 0px 25px 20px; outline: none; font-family: 宋体; font-size: 12px;\"><ul style=\"margin-right: 0px; margin-bottom: 0px; margin-left: 0px; padding: 0px; outline: none; list-style-type: none;\"><li class=\"Zoom\" id=\"zoom\" style=\"margin: 0px; padding: 0px; outline: none; line-height: 28.8px; overflow: auto hidden; font-size: 18px;\"><p style=\"margin-bottom: 0px; padding: 0px 0px 10px; outline: none; text-align: justify; text-indent: 2em;\">本网讯（<span style=\"margin: 0px; padding: 0px; outline: none; font-family: 楷体, 楷体_GB2312, SimKai;\">通讯员陈夜雨</span>）3月29日，由清华大学出版社与南昌大学外国语学院共同举办的“第四届大学英语信息技术与课程教学深度融合学术论坛”在南昌召开。南昌大学周创兵校长、清华大学出版社宗俊峰社长和来自全国200余所高校的350余位外国语学院（系）负责人、专家学者、骨干教师出席论坛开幕式。&nbsp;</p><p style=\"margin-bottom: 0px; padding: 0px 0px 10px; outline: none; text-align: justify; text-indent: 2em;\">本次论坛以“新时代高校外语课程建设与学科发展”为主题，与会代表共同探讨了新时代高校外语“金课”建设、一流本科人才培养与外语学科发展等工作。国内外外语教育领域专家、学者，围绕“外语课程建设”、“本科外语人才培养”、“信息技术与外语教学深度融合”、“外语学科建设与发展”等主题进行了研讨。</p><p style=\"margin-bottom: 0px; padding: 0px 0px 10px; outline: none; text-align: justify; text-indent: 2em;\">教育部高等学校大学外语教学指导委员会副主任委员、广东外语外贸大学副校长刘建达教授分享了“新时代基于中国英语能力等级量表的大学英语课程建设”，阐述了九级量表下大学外语教学改革的政策指引、方向变化、应对措施与改革思路；教育部商务英语国家级教学团队带头人、北京语言大学王立非教授以“服务国家开放经济的商务英语人才培养模式与课程体系建设”为题，对商务英语专业建设、师资队伍建设和核心课程建设提出了标准，并给出了指导意见；来自美国圣智集团/国家地理学习的亚洲业务高级总监Michael Cahill就“学习动机与教学材料的真实性”主题进行了分享；上海交通大学外国语学院院长胡开宝教授作了题为“外语学科核心竞争力要素及其构建——以上海交通大学外语学科为例”的报告；华南农业大学外国语学院院长黄国文教授就“教师的学术发展与科研写作”作了精彩的发言。&nbsp;</p><p style=\"margin-bottom: 0px; padding: 0px 0px 10px; outline: none; text-align: justify; text-indent: 2em;\">会议圆桌论坛上，来自重庆大学、中国科学院大学、电子科技大学、中国海洋大学、江西师范大学、广西民族大学及我校的代表围绕“一流本科人才培养与外语学科发展”主题，进行了研讨。</p><p style=\"margin-bottom: 0px; padding: 0px 0px 10px; outline: none; text-align: justify; text-indent: 2em;\"><span style=\"font-size: 14px;\">责任编辑：许航</span></p></li></ul></div>', '', 99, 1243, 1, 'admin', '2019-4-3 16:54:42', '2019-4-24 15:40:58', 1, 1);
INSERT INTO `article` VALUES (85, '倡全民阅读 建书香校园 ——我校启动“书香前湖”读书活动月活动', NULL, NULL, '<div class=\"article_show clearfix\" style=\"margin: 0px; padding: 0px 25px 20px; outline: none; font-family: 宋体; font-size: 12px;\"><ul style=\"margin-right: 0px; margin-bottom: 0px; margin-left: 0px; padding: 0px; outline: none; list-style-type: none;\"><li class=\"Zoom\" id=\"zoom\" style=\"margin: 0px; padding: 0px; outline: none; line-height: 28.8px; overflow: auto hidden; font-size: 18px;\"><p style=\"margin-bottom: 0px; padding: 0px 0px 10px; outline: none; text-align: center;\"><img src=\"http://news.ncu.edu.cn/_mediafile/nandanews/files/1555985939159227.jpg?cache=0.9098385637573572\" style=\"margin: 0px auto; padding: 10px 0px; outline: none; border-width: initial; border-style: none; max-width: 690px;\"></p><p style=\"margin-bottom: 0px; padding: 0px 0px 10px; outline: none; text-indent: 2em;\">本网讯（<span style=\"margin: 0px; padding: 0px; outline: none; font-family: 楷体, 楷体_GB2312, SimKai;\">学生记者薛莲、李欣蕾</span>）倡导全民阅读、创建书香校园。4月21日上午，在第25个世界读书日到来之际，学校在前湖校区图书馆二楼正式启动“书香前湖”读书月活动。校党委副书记黄恩华出席开幕式并讲话。</p><p style=\"margin-bottom: 0px; padding: 0px 0px 10px; outline: none; text-indent: 0em;\">　　开幕式上，宣读了《关于授予张小龙等十名同学“读者之星”称号、聘请杨雪骋教授等六人为南昌大学首届“阅读推广大使”的通知》，举行了《致情怀——献给 “三爱”教授王雨先生》《致橡树》《闪耀吧，青春的火光》《淡淡的感觉》《歌颂祖国——中国之路》等经典诵读表演。黄恩华为十位“读者之星”颁奖，为六位“阅读推广大使”颁发聘书。</p><p style=\"margin-bottom: 0px; padding: 0px 0px 10px; outline: none; text-indent: 2em;\">黄恩华希望，广大学子要培养“书中自有大宇宙，书中自有家国情”的良好品质，多读理论之书、经典之书、时代之书，做到“天天都是读书日，月月都是读书月”，通过各类读书活动走进图书馆、走进知识海洋、走进新时代，不断在阅读中建全知识体系，促进成人成才。现场，他还向师生读者推荐了《重读毛泽东》《苦难辉煌》 等书籍。</p><p style=\"margin-bottom: 0px; padding: 0px 0px 10px; outline: none; text-indent: 2em;\">“读者之星”代表、人文学院张安珊向广大同学发出“多读书、读好书”的倡议，呼吁同学们在书中体会人生，做最炽热的追梦人。“阅读推广大使”代表李洪华教授与大家分享了他的读书之乐，并向在场师生推荐相关优秀书籍。</p><p style=\"margin-bottom: 0px; padding: 0px 0px 10px; outline: none; text-indent: 2em;\">本次“书香前湖”读书月活动，由“每日一书”网络荐读大赛、“吟诵中华经典、创建书香校园”朗读大赛、“醉美前湖、寻踪书迹”校园书迹摄影大赛、“奋斗青春、阅读领航”阅读知识竞赛、“书籍共享、漂流传香”图书漂流等系列活动组成，旨在倡导全民阅读，构建书香校园，让广大师生树立终身学习理念，营造爱读书、会读书、读好书氛围，让浓浓书香溢满南大校园。</p><p style=\"margin-bottom: 0px; padding: 0px 0px 10px; outline: none; text-indent: 2em;\"><span style=\"font-size: 14px;\">责任编辑：许航</span></p></li></ul></div>', '', 99, 1252, 1, 'admin', '2019-4-3 16:54:42', '2019-4-24 15:42:19', 1, 1);
INSERT INTO `article` VALUES (86, '办理报账业务时的几个注意事项', NULL, NULL, '<div style=\"margin: 0px; padding: 0px; font-family: 宋体; font-size: 14px;\"><font size=\"4\" style=\"margin: 0px; padding: 0px;\">校内各师生员工：</font></div><div style=\"margin: 0px; padding: 0px; font-family: 宋体; font-size: 14px;\"><b style=\"margin: 0px; padding: 0px;\"><font size=\"4\" style=\"margin: 0px; padding: 0px;\">&nbsp;&nbsp;&nbsp; 一、办理现金支票提取业务者可选择以下两种方式办理：</font></b></div><div style=\"margin: 0px; padding: 0px; font-family: 宋体; font-size: 14px;\"><font size=\"4\" style=\"margin: 0px; padding: 0px;\">&nbsp;&nbsp;&nbsp;&nbsp;①携带本人身份证到学校<b style=\"margin: 0px; padding: 0px;\">9栋建行</b>办理；</font></div><div style=\"margin: 0px; padding: 0px; font-family: 宋体; font-size: 14px;\"><font size=\"4\" style=\"margin: 0px; padding: 0px;\">&nbsp;&nbsp;&nbsp;&nbsp;②携带南昌市建行活期存折或银行卡，由财务处出纳开出转账支票转至您存折或卡上（一般需<b style=\"margin: 0px; padding: 0px;\">3个工作日</b>左右到账）。</font></div><div style=\"margin: 0px; padding: 0px; font-family: 宋体; font-size: 14px;\"><b style=\"margin: 0px; padding: 0px;\"><font size=\"4\" style=\"margin: 0px; padding: 0px;\">&nbsp;&nbsp;&nbsp;&nbsp;二、办理转账业务者</font></b></div><div style=\"margin: 0px; padding: 0px; font-family: 宋体; font-size: 14px;\"><font size=\"4\" style=\"margin: 0px; padding: 0px;\">&nbsp;&nbsp;&nbsp;&nbsp;购买各种材料、招待费等费用支出在1,000元（含1,000元）以上，原则上须转帐。</font></div><div style=\"margin: 0px; padding: 0px; font-family: 宋体; font-size: 14px;\"><font size=\"4\" style=\"margin: 0px; padding: 0px;\">&nbsp;&nbsp;&nbsp;①需要银行回单的，请自己前往9栋建行办理转账业务；回单复印后请将回单原件送回计财处出纳科</font></div><div style=\"margin: 0px; padding: 0px; font-family: 宋体; font-size: 14px;\"><font size=\"4\" style=\"margin: 0px; padding: 0px;\">&nbsp;&nbsp;&nbsp;②不需要回单的，可以将转账支票交由计财处统一办理，但到账时间可能会稍晚。</font></div><div style=\"margin: 0px; padding: 0px; font-family: 宋体; font-size: 14px;\"><b style=\"margin: 0px; padding: 0px;\"><font size=\"4\" style=\"margin: 0px; padding: 0px;\">&nbsp;&nbsp;&nbsp;三、办理电汇业务者（汇往南昌市以外地区）</font></b></div><div style=\"margin: 0px; padding: 0px; font-family: 宋体; font-size: 14px;\"><font size=\"4\" style=\"margin: 0px; padding: 0px;\">&nbsp; 须<b style=\"margin: 0px; padding: 0px;\">当天</b>前往9栋建行办理，并<b style=\"margin: 0px; padding: 0px;\">将银行回单及时送回</b>计财处出纳科。</font></div>', '', 99, 1249, 1, 'admin', '2019-4-3 16:54:42', '2019-4-24 15:36:48', 1, 1);
INSERT INTO `article` VALUES (87, '教学周历', NULL, NULL, '<span style=\"margin: 0px; padding: 0px; color: rgb(86, 86, 86); font-family: 微软雅黑; text-align: center; font-size: large;\"><span style=\"margin: 0px; padding: 0px; font-family: 黑体;\">南昌大学2019-2020学年教学周历<br style=\"margin: 0px; padding: 0px;\"><img width=\"650\" height=\"466\" alt=\"\" src=\"http://jwc.ncu.edu.cn/images/content/2019-04/20190419104523976136.png\" style=\"margin: 0px; padding: 0px; vertical-align: top; text-align: left;\"><br style=\"margin: 0px; padding: 0px;\"><br style=\"margin: 0px; padding: 0px;\">南昌大学2018-2019学年教学周历<br style=\"margin: 0px; padding: 0px;\"></span></span><br style=\"margin: 0px; padding: 0px; color: rgb(86, 86, 86); font-family: 微软雅黑; font-size: 14px; text-align: center;\"><img alt=\"\" width=\"600\" height=\"424\" src=\"http://jwc.ncu.edu.cn/images/content/2018-09/20180914145147948753.jpg\" style=\"margin: 0px; padding: 0px; vertical-align: top; color: rgb(86, 86, 86); font-family: 微软雅黑; font-size: 14px;\"><br style=\"margin: 0px; padding: 0px; color: rgb(86, 86, 86); font-family: 微软雅黑; font-size: 14px; text-align: center;\"><span style=\"color: rgb(86, 86, 86); font-family: 微软雅黑; font-size: 14px; text-align: center;\">&nbsp;</span><br style=\"margin: 0px; padding: 0px; color: rgb(86, 86, 86); font-family: 微软雅黑; font-size: 14px; text-align: center;\">', '', 99, 1255, 1, 'admin', '2019-4-3 16:54:42', '2019-4-24 15:28:03', 1, 1);
INSERT INTO `article` VALUES (88, '关于清明放假的通知', NULL, NULL, '清明与周末连休三天', NULL, 98, 1234, 0, '教务处', '2019-4-3 16:54:42', '2019-4-4 14:44:44', 1, 1);
INSERT INTO `article` VALUES (89, '第五届江西省“互联网+”大学生创新创业大赛暨2019年江西省“青年红色筑梦之旅”活动正式启动', NULL, NULL, '<p style=\"margin-bottom: 0px; padding: 0px; font-family: &quot;Microsoft YaHei&quot;, simsun, Verdana, Geneva, sans-serif; font-size: 12px; list-style: none; border: 0px currentcolor; text-align: center;\"><img class=\"img_vsb_content\" src=\"http://www.jxedu.gov.cn/__local/F/EF/46/9180A7B04F699C7EF9F2DE8B2DD_82C343F5_E5BC.jpg?e=.jpg\" width=\"500\" vsbhref=\"vurl\" vurl=\"/_vsl/FEF469180A7B04F699C7EF9F2DE8B2DD/82C343F5/E5BC?e=.jpg\" vheight=\"\" vwidth=\"500\" orisrc=\"/__local/F/EF/46/9180A7B04F699C7EF9F2DE8B2DD_82C343F5_E5BC.jpg\" style=\"margin: 0px; padding: 0px; border-color: currentcolor; list-style: none;\"></p><p style=\"margin-bottom: 0px; padding: 0px; font-family: &quot;Microsoft YaHei&quot;, simsun, Verdana, Geneva, sans-serif; text-indent: 2em; font-size: 12px; list-style: none; border: 0px currentcolor; line-height: 1.5em;\">4月3日，第五届江西省“互联网+”大学生创新创业大赛组织工作培训会在江西中医药大学举行。本届大赛以“敢为人先放飞青春梦，勇立潮头建功新时代”为主题,旨在加快培养创新创业人才,持续激发学生创新创业热情,展示创新创业教育成果,搭建大学生创新创业项目与社会资源对接平台。</p><p class=\"vsbcontent_start\" style=\"margin-bottom: 0px; padding: 0px; font-family: &quot;Microsoft YaHei&quot;, simsun, Verdana, Geneva, sans-serif; font-size: 12px; list-style: none; border: 0px currentcolor; text-align: center;\"><img class=\"img_vsb_content\" src=\"http://www.jxedu.gov.cn/__local/A/AC/84/681B4780E4A7F76D5FF288E6033_97F4B0FA_C4DB.jpg?e=.jpg\" width=\"500\" vsbhref=\"vurl\" vurl=\"/_vsl/AAC84681B4780E4A7F76D5FF288E6033/97F4B0FA/C4DB?e=.jpg\" vheight=\"\" vwidth=\"500\" orisrc=\"/__local/A/AC/84/681B4780E4A7F76D5FF288E6033_97F4B0FA_C4DB.jpg\" style=\"margin: 0px; padding: 0px; border-color: currentcolor; list-style: none;\"></p><p style=\"margin-bottom: 0px; padding: 0px; font-family: &quot;Microsoft YaHei&quot;, simsun, Verdana, Geneva, sans-serif; text-indent: 2em; font-size: 12px; list-style: none; border: 0px currentcolor; line-height: 1.5em;\">会上举行了第五届江西省“互联网+”大学生创新创业大赛暨2019年江西省“青年红色筑梦之旅”活动启动仪式，标志着我省第五届“互联网+”大赛正式拉开序幕。省教育厅巡视员何建洋出席并讲话，江西中医药大学党委副书记、校长左铮云致辞。</p><p style=\"margin-bottom: 0px; padding: 0px; font-family: &quot;Microsoft YaHei&quot;, simsun, Verdana, Geneva, sans-serif; font-size: 12px; list-style: none; border: 0px currentcolor; text-align: center;\"><img class=\"img_vsb_content\" src=\"http://www.jxedu.gov.cn/__local/1/29/B2/E90FAD5BD2754628D556A75D940_0FCC3E2A_C2C9.jpg?e=.jpg\" width=\"500\" vsbhref=\"vurl\" vurl=\"/_vsl/129B2E90FAD5BD2754628D556A75D940/0FCC3E2A/C2C9?e=.jpg\" vheight=\"\" vwidth=\"500\" orisrc=\"/__local/1/29/B2/E90FAD5BD2754628D556A75D940_0FCC3E2A_C2C9.jpg\" style=\"margin: 0px; padding: 0px; border-color: currentcolor; list-style: none;\"></p><p style=\"margin-bottom: 0px; padding: 0px; font-family: &quot;Microsoft YaHei&quot;, simsun, Verdana, Geneva, sans-serif; text-indent: 2em; font-size: 12px; list-style: none; border: 0px currentcolor; line-height: 1.5em;\">何建洋强调，一是继续以大赛为抓手，深入推进创新创业教育改革。紧紧围绕学习贯彻党的十九大精神和全国教育大会精神，抓住“推动教育优先发展”和“建设教育强省”两大机遇，持续深入推进高校创新创业教育改革。二是打造江西大赛品牌，在新的起点上再创佳绩。近年来，在省委省政府的高度重视下，省委教育工委、省教育厅高位推动高校创新创业教育改革，认真组织“互联网+”大学生创新创业大赛并取得了可喜成绩。第五届大赛即将启动，为使我省能在本届大赛中继续取得好成绩，各单位、各部门、各高校加强统筹协调，通力合作，共同把这次大赛办好，办出水平，办出特色。三是紧扣大赛新动态，推进各大板块赛事全面开花。各设区市教育局、各高校要充分吃透和领悟教育部大赛的文件精神，积极主动地部署和落实好今年的赛事工作。四是统筹谋划汇聚合力，为大赛奠定坚实后盾。创新创业教育改革路程依旧任重而道远，需集众人之力，精心部署组织，统筹谋划工作，下好全局一盘棋，推动创新创业工作上水平。</p><p style=\"margin-bottom: 0px; padding: 0px; font-family: &quot;Microsoft YaHei&quot;, simsun, Verdana, Geneva, sans-serif; font-size: 12px; list-style: none; border: 0px currentcolor; text-align: center;\"><img class=\"img_vsb_content\" src=\"http://www.jxedu.gov.cn/__local/6/72/32/9B2BC6E039979B667646BD2EA32_50FAF187_11BE5.jpg?e=.jpg\" width=\"500\" height=\"498\" vsbhref=\"vurl\" vurl=\"/_vsl/672329B2BC6E039979B667646BD2EA32/50FAF187/11BE5?e=.jpg\" vheight=\" 424px\" vwidth=\" 502px\" orisrc=\"/__local/6/72/32/9B2BC6E039979B667646BD2EA32_50FAF187_11BE5.jpg\" style=\"margin: 0px; padding: 0px; border-color: currentcolor; list-style: none; width: 502px; height: 424px;\">&nbsp;&nbsp; &nbsp;</p><p style=\"margin-bottom: 0px; padding: 0px; font-family: &quot;Microsoft YaHei&quot;, simsun, Verdana, Geneva, sans-serif; text-indent: 2em; font-size: 12px; list-style: none; border: 0px currentcolor; line-height: 1.5em;\">培训特邀天使百人会基金创始合伙人、天使百人会副理事长周洛宏，中国高校创新创业产业投资联盟副理事长张强，中国教育创新校企联盟专家委员会主任陈滢，天使百人会高校投资委员会委员董红卫进行辅导培训，分别作了题为《第五届“互联网+”大赛赛事总体精神解读》、《“红旅”板块赛事赛制规则介绍》、《第五届大赛高教板块精神精读、赛制规则介绍》、《第五届大赛职教板块精神精读、赛制规则介绍》、《第五届大赛萌芽板块精神解读、赛制规则介绍》的培训讲座，深入浅出地对本届大赛进行剖析，并对参训代表提出的大赛相关问题进行答疑。</p><p style=\"margin-bottom: 0px; padding: 0px; font-family: &quot;Microsoft YaHei&quot;, simsun, Verdana, Geneva, sans-serif; text-indent: 2em; font-size: 12px; list-style: none; border: 0px currentcolor; line-height: 1.5em;\">会上，大赛组委会工作人员对第五届大赛基本情况、赛程与评审规则进行介绍、演示大赛报名管理系统。南昌大学、江西师范大学、华东交通大学、江西中医药大学、江西外语外贸职业学院5所高校作为上届大赛优秀组织奖代表发言，交流分享赛事组织工作经验。 &nbsp; &nbsp;省教育厅基教处、职成处、高教处、就业办负责人，全省11个设区市教育局和省内100所高校的赛事组织工作负责人及高校创新创业指导老师代表共260余人参加了本次培训。</p>', '', 97, 1242, 1, 'admin', '2019-4-3 16:54:42', '2019-4-22 14:12:50', 1, 1);
INSERT INTO `article` VALUES (90, '欢迎广大校友返校秩年聚会', NULL, NULL, '<span style=\"color: rgb(51, 51, 51); font-family: &quot;Microsoft YaHei&quot;, 微软雅黑, Arial, Helvetica, sans-serif; font-size: 14px;\">亲爱的校友:</span><p style=\"margin-bottom: 0px; padding: 0px 0px 15px; font-size: 14px; text-indent: 2em; line-height: 24px; color: rgb(51, 51, 51); font-family: &quot;Microsoft YaHei&quot;, 微软雅黑, Arial, Helvetica, sans-serif;\">青春年华，如诗如歌。那一年，您的梦想从母校扬帆起航，转眼间，您已成长为头顶一片天，脚踏一方土的参天大树。任凭岁月变迁，风云变幻，青春依旧是您叙述不完的话题，母校依然是您难以割舍的情怀</p><p style=\"margin-bottom: 0px; padding: 0px 0px 15px; font-size: 14px; text-indent: 2em; line-height: 24px; color: rgb(51, 51, 51); font-family: &quot;Microsoft YaHei&quot;, 微软雅黑, Arial, Helvetica, sans-serif;\">每一位校友，不管身处何地、位居何职，都有着一样的香樟印记；每一位校友，不管已取得让人艳羡的成功，抑或还在奋发前行，都值得拥有同样真情的掌声和鼓励。</p><p style=\"margin-bottom: 0px; padding: 0px 0px 15px; font-size: 14px; text-indent: 2em; line-height: 24px; color: rgb(51, 51, 51); font-family: &quot;Microsoft YaHei&quot;, 微软雅黑, Arial, Helvetica, sans-serif;\">每一个五年、十年，都累积了我们共同走过的或喜或忧；每一个五年、十年，都让我们心中的香樟印记愈发深刻。时间，似乎很容易就从指间匆匆溜走，也许距离会变、面容会变、境遇会变，但同窗之谊永不变、香樟之情永不变、母校的牵念永不变！</p><p style=\"margin-bottom: 0px; padding: 0px 0px 15px; font-size: 14px; text-indent: 2em; line-height: 24px; color: rgb(51, 51, 51); font-family: &quot;Microsoft YaHei&quot;, 微软雅黑, Arial, Helvetica, sans-serif;\">如果适逢毕业秩年，您所在班级或年级即将开展返校聚会活动，请与我们联系，我们将竭诚为您服务。期待着您回来母校看看！</p><p style=\"margin-bottom: 0px; padding: 0px 0px 15px; font-size: 14px; text-indent: 2em; line-height: 24px; color: rgb(51, 51, 51); font-family: &quot;Microsoft YaHei&quot;, 微软雅黑, Arial, Helvetica, sans-serif;\">我们的联系方式</p><p style=\"margin-bottom: 0px; padding: 0px 0px 15px; font-size: 14px; text-indent: 2em; line-height: 24px; color: rgb(51, 51, 51); font-family: &quot;Microsoft YaHei&quot;, 微软雅黑, Arial, Helvetica, sans-serif;\">通讯地址：江西省南昌市红谷滩新区学府大道999号办公楼校友会工作办公室（330031)</p><p style=\"margin-bottom: 0px; padding: 0px 0px 15px; font-size: 14px; text-indent: 2em; line-height: 24px; color: rgb(51, 51, 51); font-family: &quot;Microsoft YaHei&quot;, 微软雅黑, Arial, Helvetica, sans-serif;\">电话（传真）：0791-83969456（办公室）</p><p style=\"margin-bottom: 0px; padding: 0px 0px 15px; font-size: 14px; text-indent: 2em; line-height: 24px; color: rgb(51, 51, 51); font-family: &quot;Microsoft YaHei&quot;, 微软雅黑, Arial, Helvetica, sans-serif;\">联系人： 李海峰：13767052168 &nbsp;&nbsp;范&nbsp;阳：13767086997</p><p style=\"margin-bottom: 0px; padding: 0px 0px 15px; font-size: 14px; text-indent: 2em; line-height: 24px; color: rgb(51, 51, 51); font-family: &quot;Microsoft YaHei&quot;, 微软雅黑, Arial, Helvetica, sans-serif;\">网址：<a href=\"http://xyh.ncu.edu.cn/\">http://xyh.ncu.edu.cn/</a><a href=\"http://xyh.ncu.edu.cn/\" style=\"color: rgb(20, 50, 112);\"></a></p><p style=\"margin-bottom: 0px; padding: 0px 0px 15px; font-size: 14px; text-indent: 2em; line-height: 24px; color: rgb(51, 51, 51); font-family: &quot;Microsoft YaHei&quot;, 微软雅黑, Arial, Helvetica, sans-serif;\">&nbsp;&nbsp;&nbsp;&nbsp;<br>&nbsp;&nbsp;&nbsp;&nbsp;<img alt=\"\" src=\"http://www.ncu.edu.cn/images/content/2014-09/20140928100015150442.jpg\" style=\"font-family: 仿宋; font-size: 14pt; text-indent: 28.5pt; height: 169px; \"><span style=\"font-family: 仿宋; font-size: 14pt; text-indent: 28.5pt;\">&nbsp; &nbsp; &nbsp;</span><img alt=\"\" src=\"http://www.ncu.edu.cn/images/content/2014-09/20140928100119538500.jpg\" style=\"font-family: 仿宋; font-size: 14pt; text-indent: 28.5pt; height: 169px\"></p><p style=\"margin-bottom: 0px; padding: 0px 0px 15px; font-size: 14px; text-indent: 2em; line-height: 24px; color: rgb(51, 51, 51); font-family: &quot;Microsoft YaHei&quot;, 微软雅黑, Arial, Helvetica, sans-serif;\">微博：weibo.com/u/2801020600&nbsp;&nbsp; 微信公众平台：南昌大学校友会</p><p style=\"margin-bottom: 0px; padding: 0px 0px 15px; font-size: 14px; text-indent: 2em; line-height: 24px; color: rgb(51, 51, 51); font-family: &quot;Microsoft YaHei&quot;, 微软雅黑, Arial, Helvetica, sans-serif;\">QQ在线服务：2589468477</p><p style=\"margin-bottom: 0px; padding: 0px 0px 15px; font-size: 14px; text-indent: 2em; line-height: 24px; color: rgb(51, 51, 51); font-family: &quot;Microsoft YaHei&quot;, 微软雅黑, Arial, Helvetica, sans-serif;\">电子邮箱：<a href=\"mailto:ncuxyh@ncu.edu.cn\" style=\"color: rgb(20, 50, 112);\">ncuxyh@ncu.edu.cn</a></p>', '', 97, 1256, 1, 'admin', '2019-4-3 16:54:42', '2019-4-24 14:23:33', 1, 1);
INSERT INTO `article` VALUES (91, '2013-2014学年第二学期校车线路及发车时间', NULL, NULL, '<p style=\"margin-bottom: 0px; padding: 0px 0px 15px; font-size: 14px; text-indent: 2em; line-height: 24px; color: rgb(51, 51, 51); font-family: &quot;Microsoft YaHei&quot;, 微软雅黑, Arial, Helvetica, sans-serif;\"><b>一、滨江线</b></p><p style=\"margin-bottom: 0px; padding: 0px 0px 15px; font-size: 14px; text-indent: 2em; line-height: 24px; color: rgb(51, 51, 51); font-family: &quot;Microsoft YaHei&quot;, 微软雅黑, Arial, Helvetica, sans-serif;\">1、往返停靠站点如下：</p><p style=\"margin-bottom: 0px; padding: 0px 0px 15px; font-size: 14px; text-indent: 2em; line-height: 24px; color: rgb(51, 51, 51); font-family: &quot;Microsoft YaHei&quot;, 微软雅黑, Arial, Helvetica, sans-serif;\">青山湖校区南区车队和北区专家楼、洪都北大道（工行门路）、青山湖隧道出口、江中花园、洪都大桥头（李家庄）、 江信花园、南昌五中、前湖校医院、外经楼、行政楼、图书馆、研究生院、实验中心、信工楼、建工楼、主教学楼、学生公寓5栋。</p><p style=\"margin-bottom: 0px; padding: 0px 0px 15px; font-size: 14px; text-indent: 2em; line-height: 24px; color: rgb(51, 51, 51); font-family: &quot;Microsoft YaHei&quot;, 微软雅黑, Arial, Helvetica, sans-serif;\">2、前往前湖校区发车时间：</p><p style=\"margin-bottom: 0px; padding: 0px 0px 15px; font-size: 14px; text-indent: 2em; line-height: 24px; color: rgb(51, 51, 51); font-family: &quot;Microsoft YaHei&quot;, 微软雅黑, Arial, Helvetica, sans-serif;\">工作日：7:00、8:00、9:00、13:00、15:00、18:00；</p><p style=\"margin-bottom: 0px; padding: 0px 0px 15px; font-size: 14px; text-indent: 2em; line-height: 24px; color: rgb(51, 51, 51); font-family: &quot;Microsoft YaHei&quot;, 微软雅黑, Arial, Helvetica, sans-serif;\">周六、周日：7:00（仅北区）、13:00（南北区）、18:00（南北区）</p><p style=\"margin-bottom: 0px; padding: 0px 0px 15px; font-size: 14px; text-indent: 2em; line-height: 24px; color: rgb(51, 51, 51); font-family: &quot;Microsoft YaHei&quot;, 微软雅黑, Arial, Helvetica, sans-serif;\">3、返回青山湖校区发车时间：</p><p style=\"margin-bottom: 0px; padding: 0px 0px 15px; font-size: 14px; text-indent: 2em; line-height: 24px; color: rgb(51, 51, 51); font-family: &quot;Microsoft YaHei&quot;, 微软雅黑, Arial, Helvetica, sans-serif;\">工作日：10:10、12:15、16:00、17:10、18:10、22:00；</p><p style=\"margin-bottom: 0px; padding: 0px 0px 15px; font-size: 14px; text-indent: 2em; line-height: 24px; color: rgb(51, 51, 51); font-family: &quot;Microsoft YaHei&quot;, 微软雅黑, Arial, Helvetica, sans-serif;\">周六、周日：12:15（南北区）、18:10（南北区）、22:00（南北区）</p><p style=\"margin-bottom: 0px; padding: 0px 0px 15px; font-size: 14px; text-indent: 2em; line-height: 24px; color: rgb(51, 51, 51); font-family: &quot;Microsoft YaHei&quot;, 微软雅黑, Arial, Helvetica, sans-serif;\">4、注意其中7:00、18:00这两个时点校车延至前湖医学院2号教学楼；22:00这个时点从前湖医学院2号教学楼返回青山湖校区，其他时点不往前湖医学院2号教学楼。</p><p style=\"margin-bottom: 0px; padding: 0px 0px 15px; font-size: 14px; text-indent: 2em; line-height: 24px; color: rgb(51, 51, 51); font-family: &quot;Microsoft YaHei&quot;, 微软雅黑, Arial, Helvetica, sans-serif;\">7:00、18:00这两个时点校车停靠站点如下：</p><p style=\"margin-bottom: 0px; padding: 0px 0px 15px; font-size: 14px; text-indent: 2em; line-height: 24px; color: rgb(51, 51, 51); font-family: &quot;Microsoft YaHei&quot;, 微软雅黑, Arial, Helvetica, sans-serif;\">北区专家楼或南区车队、青山湖隧道出口、江中花园、洪都大桥头（李家庄）、前湖校医院、外经楼、主教楼、建信楼、环材楼、实验中心、图书馆、研究生院、前湖医学院2号教学楼。</p><p style=\"margin-bottom: 0px; padding: 0px 0px 15px; font-size: 14px; text-indent: 2em; line-height: 24px; color: rgb(51, 51, 51); font-family: &quot;Microsoft YaHei&quot;, 微软雅黑, Arial, Helvetica, sans-serif;\">22:00这个时点校车停靠站点如下：</p><p style=\"margin-bottom: 0px; padding: 0px 0px 15px; font-size: 14px; text-indent: 2em; line-height: 24px; color: rgb(51, 51, 51); font-family: &quot;Microsoft YaHei&quot;, 微软雅黑, Arial, Helvetica, sans-serif;\">前湖医学院2号教学楼、研究生院、实验中心、图书馆、外经楼、环材楼、建信楼、主教楼、学生公寓5栋至青山湖校区。</p><p style=\"margin-bottom: 0px; padding: 0px 0px 15px; font-size: 14px; text-indent: 2em; line-height: 24px; color: rgb(51, 51, 51); font-family: &quot;Microsoft YaHei&quot;, 微软雅黑, Arial, Helvetica, sans-serif;\"><b>二、市内线：（修建地铁时期）</b></p><p style=\"margin-bottom: 0px; padding: 0px 0px 15px; font-size: 14px; text-indent: 2em; line-height: 24px; color: rgb(51, 51, 51); font-family: &quot;Microsoft YaHei&quot;, 微软雅黑, Arial, Helvetica, sans-serif;\">1、往返停靠站点如下：</p><p style=\"margin-bottom: 0px; padding: 0px 0px 15px; font-size: 14px; text-indent: 2em; line-height: 24px; color: rgb(51, 51, 51); font-family: &quot;Microsoft YaHei&quot;, 微软雅黑, Arial, Helvetica, sans-serif;\">南区车队、煤炭大院、名人酒店、解放路沃尔玛对面、坛子口立交下桥桥头、武警总队对面加油站、校医院、外经楼、行政楼、图书馆、研究生院、实验中心、信工楼、建工楼、主教学楼、学生公寓5栋。</p><p style=\"margin-bottom: 0px; padding: 0px 0px 15px; font-size: 14px; text-indent: 2em; line-height: 24px; color: rgb(51, 51, 51); font-family: &quot;Microsoft YaHei&quot;, 微软雅黑, Arial, Helvetica, sans-serif;\">2、前往前湖校区发车时间：</p><p style=\"margin-bottom: 0px; padding: 0px 0px 15px; font-size: 14px; text-indent: 2em; line-height: 24px; color: rgb(51, 51, 51); font-family: &quot;Microsoft YaHei&quot;, 微软雅黑, Arial, Helvetica, sans-serif;\">工作日：7:00、8:00、9:00、13:00；周六、周日：7:00</p><p style=\"margin-bottom: 0px; padding: 0px 0px 15px; font-size: 14px; text-indent: 2em; line-height: 24px; color: rgb(51, 51, 51); font-family: &quot;Microsoft YaHei&quot;, 微软雅黑, Arial, Helvetica, sans-serif;\">3、返回青山湖校区发车时间：</p><p style=\"margin-bottom: 0px; padding: 0px 0px 15px; font-size: 14px; text-indent: 2em; line-height: 24px; color: rgb(51, 51, 51); font-family: &quot;Microsoft YaHei&quot;, 微软雅黑, Arial, Helvetica, sans-serif;\">工作日：10:10、12:15、17:10、18:10；周六、周日：10:10</p><p style=\"margin-bottom: 0px; padding: 0px 0px 15px; font-size: 14px; text-indent: 2em; line-height: 24px; color: rgb(51, 51, 51); font-family: &quot;Microsoft YaHei&quot;, 微软雅黑, Arial, Helvetica, sans-serif;\"><b>三、说明：</b></p><p style=\"margin-bottom: 0px; padding: 0px 0px 15px; font-size: 14px; text-indent: 2em; line-height: 24px; color: rgb(51, 51, 51); font-family: &quot;Microsoft YaHei&quot;, 微软雅黑, Arial, Helvetica, sans-serif;\">1、一般情况下，滨江线同时由南区和北区分别同时发车，市内线由南区车队发车。</p><p style=\"margin-bottom: 0px; padding: 0px 0px 15px; font-size: 14px; text-indent: 2em; line-height: 24px; color: rgb(51, 51, 51); font-family: &quot;Microsoft YaHei&quot;, 微软雅黑, Arial, Helvetica, sans-serif;\">2、寒暑假、学期考试期间车辆安排变动以适时通知为准（校办公网）。</p>', '', 97, 1238, 1, 'admin', '2019-4-3 16:54:42', '2019-4-22 14:10:56', 1, 1);
INSERT INTO `article` VALUES (92, '学术报告', NULL, NULL, '<table width=\"95%\" border=\"0\" align=\"center\" cellpadding=\"0\" cellspacing=\"0\" style=\"font-family: Verdana, Arial, Helvetica, sans-serif;\"><tbody><tr><td style=\"font-size: 11px; line-height: 18px;\"><p style=\"font-size: 13px; line-height: 28px; margin-bottom: 0px;\"><b>报告题目：</b>&nbsp;天然高分子构建生物医用和包装新材料<br><b style=\"letter-spacing: 7.3px;\">报告</b><b>人：</b>&nbsp;张俐娜 中国科学院院士<br>&nbsp;&nbsp;&nbsp;&nbsp;&nbsp;&nbsp;&nbsp;&nbsp;&nbsp;&nbsp;&nbsp;&nbsp;&nbsp;&nbsp;&nbsp; 武汉大学教授<br><b>时&nbsp;&nbsp;&nbsp;&nbsp;&nbsp;&nbsp;&nbsp;间：</b>&nbsp;2019年4月1日(周一)下午15:00<br><b>地&nbsp;&nbsp;&nbsp;&nbsp;&nbsp;&nbsp;&nbsp;点：</b>&nbsp;重点实验室401报告厅<br></p></td></tr><tr><td style=\"font-size: 11px; line-height: 18px;\"><br><h3 style=\"font-size: 13px; margin-top: 0px; margin-bottom: 0px;\">报告人简介：</h3><p style=\"font-size: 13px; text-indent: 2em; text-align: justify; line-height: 28px; margin-bottom: 0px;\">张俐娜，女，中国科学院院士，武汉大学教授，博士生导师。2011年当选中国科学院院士，2014年成为英国皇家化学学会会士。现任美国化学会刊物ACS Sustainable Chemistry &amp; Engineering的副主编以及Cellulose、 Journal of Applied Polymer Science等刊物编委。她于1993年创立天然高分子与高分子物理科研组，并一直致力于天然高分子的基础和应用研究，包括它们的结构、分子尺寸、链构象，以及天然高分子基功能材料的制备。面对最难溶解的大分子，她开创了一系列崭新的无毒、低成本的“绿色”溶解技术，发现NaOH/尿素水溶液冷却到低温可溶解难溶性纤维素、甲壳素甚至聚苯胺。同时，首次提出低温下大分子同溶剂分子形成较稳定的氢键键合物，导致溶解的新机理，并证明低温溶解技术和理论具有一定普适性。同时，利用低温溶解的纤维素、甲壳素、壳聚糖和聚苯胺溶液直接构建出一系列新型功能材料，并揭示它们优良的性能及其构效关系。这些材料在生物医学、能源储存、污水处理、包装材料和纺织制造方面很有应用前景，并将推进可持续化学。基础研究成果已在国际SCI源刊发表论文600余篇，被他人引用18000次以上；主编专著16部；获准专利100余项。由于她取得重大的原始创新成果，美国化学会授予她2011年度国际可再生资源领域最高奖——安塞姆·佩恩奖，同时也是获得该奖的首位中国科学家；2016年英国皇家化学会“Chemistry World”对她进行题为“中国‘绿色’化学先驱”的人物专访报道。此外，她还荣获国家自然科学奖二等奖1项（2012年）和全国优秀教师（1993年）及全国先进工作者（2000年）等国家级荣誉。</p></td></tr></tbody></table>', '', 97, 1244, 1, 'admin', '2019-4-3 16:54:42', '2019-4-22 14:09:46', 1, 1);
INSERT INTO `article` VALUES (93, '关于2015年暑假选送学生赴国外学习实践的通知', NULL, NULL, '<p class=\"MsoNormal\" style=\"margin-bottom: 18px; padding: 0px; color: rgb(86, 86, 86); font-family: 微软雅黑; font-size: 14px; line-height: 18.9px;\"><span style=\"margin: 0px; padding: 0px; font-size: medium;\"><span style=\"margin: 0px; padding: 0px; line-height: 21.6px;\">各学院：<span lang=\"EN-US\" style=\"margin: 0px; padding: 0px;\"></span></span></span></p><p class=\"MsoNormal\" style=\"margin-bottom: 18px; padding: 0px; color: rgb(86, 86, 86); font-family: 微软雅黑; font-size: 14px; line-height: 18.9px; text-indent: 32pt;\"><span style=\"margin: 0px; padding: 0px; font-size: medium;\"><span style=\"margin: 0px; padding: 0px; line-height: 21.6px;\">自我校办学国际化工作开展以来，学生赴国外学习积极性逐年提高，学生的英语水平、实践能力、创新能力和海外视野得到明显增强。为进一步推动我校国际合作与交流项目的发展，学校拟于<span lang=\"EN-US\" style=\"margin: 0px; padding: 0px;\">2015</span>年暑期继续选送部分优秀本科生赴美国、英国和澳大利亚学习实践。请各学院广泛宣传，做好报名、选拔和推荐工作。现将有关事宜通知如下：</span></span></p><p class=\"MsoNormal\" style=\"margin-bottom: 18px; padding: 0px; color: rgb(86, 86, 86); font-family: 微软雅黑; font-size: 14px; line-height: 18.9px; text-indent: 31.4pt;\"><span style=\"margin: 0px; padding: 0px; font-size: medium;\"><b style=\"margin: 0px; padding: 0px;\"><span style=\"margin: 0px; padding: 0px; line-height: 21.6px;\">一、学习安排</span></b></span></p><p class=\"MsoNormal\" style=\"margin-bottom: 18px; padding: 0px; color: rgb(86, 86, 86); font-family: 微软雅黑; font-size: 14px; line-height: 18.9px; text-indent: 32pt;\"><span style=\"margin: 0px; padding: 0px; font-size: medium;\"><span style=\"margin: 0px; padding: 0px; line-height: 21.6px;\">学生于<span lang=\"EN-US\" style=\"margin: 0px; padding: 0px;\">2015</span>年暑期根据自身选择自愿报名参加英国诺丁汉中央学院、美国加州洪堡州立大学、澳大利亚皇家墨尔本理工大学学习实践，时间为<span lang=\"EN-US\" style=\"margin: 0px; padding: 0px;\">4</span>周（具体安排详见附件<span lang=\"EN-US\" style=\"margin: 0px; padding: 0px;\">1</span>、<span lang=\"EN-US\" style=\"margin: 0px; padding: 0px;\">2</span>、<span lang=\"EN-US\" style=\"margin: 0px; padding: 0px;\">3</span>）。学习成绩合格且无违纪行为者，<span lang=\"EN-US\" style=\"margin: 0px; padding: 0px;\">2012-2014</span>级学生可获得<span lang=\"EN-US\" style=\"margin: 0px; padding: 0px;\">2</span>个创新学分，其他年级学生可获得<span lang=\"EN-US\" style=\"margin: 0px; padding: 0px;\">2</span>个Ⅱ类通识课学分。</span></span></p><p class=\"MsoNormal\" style=\"margin-bottom: 18px; padding: 0px; color: rgb(86, 86, 86); font-family: 微软雅黑; font-size: 14px; line-height: 18.9px; text-indent: 32pt;\"><span style=\"margin: 0px; padding: 0px; font-size: medium;\"><b style=\"margin: 0px; padding: 0px;\"><span style=\"margin: 0px; padding: 0px; line-height: 21.6px;\">二、选送名额</span></b></span></p><p class=\"MsoNormal\" style=\"margin-bottom: 18px; padding: 0px; color: rgb(86, 86, 86); font-family: 微软雅黑; font-size: 14px; line-height: 18.9px; text-indent: 32pt;\"><span style=\"margin: 0px; padding: 0px; font-size: medium;\"><span style=\"margin: 0px; padding: 0px; line-height: 21.6px;\">1.拟资助名额</span></span></p><p class=\"MsoNormal\" style=\"margin-bottom: 18px; padding: 0px; color: rgb(86, 86, 86); font-family: 微软雅黑; font-size: 14px; line-height: 18.9px; text-indent: 32pt;\"><span style=\"margin: 0px; padding: 0px; font-size: medium;\"><span style=\"margin: 0px; padding: 0px; line-height: 21.6px;\">全校<span lang=\"EN-US\" style=\"margin: 0px; padding: 0px;\">200</span>名，每名<span lang=\"EN-US\" style=\"margin: 0px; padding: 0px;\">1.5</span>万元。之前未获学校资助出国学习的学生同等条件下可优先资助。</span></span></p><p class=\"MsoNormal\" style=\"margin-bottom: 18px; padding: 0px; color: rgb(86, 86, 86); font-family: 微软雅黑; font-size: 14px; line-height: 18.9px; text-indent: 32pt;\"><span style=\"margin: 0px; padding: 0px; font-size: medium;\"><span lang=\"EN-US\" style=\"margin: 0px; padding: 0px; line-height: 21.6px;\">2.</span><span style=\"margin: 0px; padding: 0px; line-height: 21.6px;\">自费：名额不限</span></span></p><p class=\"MsoNormal\" style=\"margin-bottom: 18px; padding: 0px; color: rgb(86, 86, 86); font-family: 微软雅黑; font-size: 14px; line-height: 18.9px; text-indent: 32pt;\"><span style=\"margin: 0px; padding: 0px; font-size: medium;\"><b style=\"margin: 0px; padding: 0px;\"><span style=\"margin: 0px; padding: 0px; line-height: 21.6px;\">三、申请资助基本条件</span></b></span></p><p class=\"MsoNormal\" style=\"margin-bottom: 18px; padding: 0px; color: rgb(86, 86, 86); font-family: 微软雅黑; font-size: 14px; line-height: 18.9px; text-indent: 32pt;\"><span style=\"margin: 0px; padding: 0px; font-size: medium;\"><span style=\"margin: 0px; padding: 0px; line-height: 21.6px;\">身体健康，政治素质好，品行端正；在校表现好，无违法、违纪记录；无恶意欠缴学费情况；<span lang=\"EN-US\" style=\"margin: 0px; padding: 0px;\">2014-2015-1</span>学期学生平均学分绩点排名在本班级前<span lang=\"EN-US\" style=\"margin: 0px; padding: 0px;\">40%</span>；有英语基础，达到以下条件之一者可申请学校资助：</span></span></p><p class=\"MsoNormal\" style=\"margin-bottom: 18px; padding: 0px; color: rgb(86, 86, 86); font-family: 微软雅黑; font-size: 14px; line-height: 18.9px; text-indent: 32pt;\"><span style=\"margin: 0px; padding: 0px; font-size: medium;\"><span style=\"margin: 0px; padding: 0px; line-height: 21.6px;\">1.在英语分级教学<span lang=\"EN-US\" style=\"margin: 0px; padding: 0px;\">A</span>班或<span lang=\"EN-US\" style=\"margin: 0px; padding: 0px;\">B</span>班学习；</span></span></p><p class=\"MsoNormal\" style=\"margin-bottom: 18px; padding: 0px; color: rgb(86, 86, 86); font-family: 微软雅黑; font-size: 14px; line-height: 18.9px; text-indent: 32pt;\"><span style=\"margin: 0px; padding: 0px; font-size: medium;\"><span style=\"margin: 0px; padding: 0px; line-height: 21.6px;\">2.通过国家英语四级或六级考试；</span></span></p><p class=\"MsoNormal\" style=\"margin-bottom: 18px; padding: 0px; color: rgb(86, 86, 86); font-family: 微软雅黑; font-size: 14px; line-height: 18.9px; text-indent: 32pt;\"><span style=\"margin: 0px; padding: 0px; font-size: medium;\"><span style=\"margin: 0px; padding: 0px; line-height: 21.6px;\">3.艺术、体育类学生通过江西省高校英语应用能力考试；</span></span></p><p class=\"MsoNormal\" style=\"margin-bottom: 18px; padding: 0px; color: rgb(86, 86, 86); font-family: 微软雅黑; font-size: 14px; line-height: 18.9px; text-indent: 32pt;\"><span style=\"margin: 0px; padding: 0px; font-size: medium;\"><span style=\"margin: 0px; padding: 0px; line-height: 21.6px;\">4.高考英语课程成绩为及格及以上；</span></span></p><p class=\"MsoNormal\" style=\"margin-bottom: 18px; padding: 0px; color: rgb(86, 86, 86); font-family: 微软雅黑; font-size: 14px; line-height: 18.9px; text-indent: 32pt;\"><span style=\"margin: 0px; padding: 0px; font-size: medium;\"><span style=\"margin: 0px; padding: 0px; line-height: 21.6px;\">5.外语类专业、卓越计划及各类实验班等学生。</span></span></p><p class=\"MsoNormal\" style=\"margin-bottom: 18px; padding: 0px; color: rgb(86, 86, 86); font-family: 微软雅黑; font-size: 14px; line-height: 18.9px; text-indent: 32pt;\"><span style=\"margin: 0px; padding: 0px; font-size: medium;\"><b style=\"margin: 0px; padding: 0px;\"><span style=\"margin: 0px; padding: 0px; line-height: 21.6px;\">四、选拔机构及选送办法</span></b></span></p><p class=\"MsoNormal\" style=\"margin-bottom: 18px; padding: 0px; color: rgb(86, 86, 86); font-family: 微软雅黑; font-size: 14px; line-height: 18.9px; text-indent: 32pt;\"><span style=\"margin: 0px; padding: 0px; font-size: medium;\"><span lang=\"EN-US\" style=\"margin: 0px; padding: 0px; line-height: 21.6px;\">1.</span><span style=\"margin: 0px; padding: 0px; line-height: 21.6px;\">各学院应根据学生的成绩、综合表现等情况择优确定申请资助及自费出行学生名单；</span></span></p><p class=\"MsoNormal\" style=\"margin-bottom: 18px; padding: 0px; color: rgb(86, 86, 86); font-family: 微软雅黑; font-size: 14px; line-height: 18.9px; text-indent: 32pt;\"><span style=\"margin: 0px; padding: 0px; font-size: medium;\"><span style=\"margin: 0px; padding: 0px; line-height: 21.6px;\">2.学院公示学生名单，公示三天后将报名表和统计表报送教务处；</span></span></p><p class=\"MsoNormal\" style=\"margin-bottom: 18px; padding: 0px; color: rgb(86, 86, 86); font-family: 微软雅黑; font-size: 14px; line-height: 18.9px; text-indent: 32pt;\"><span style=\"margin: 0px; padding: 0px; font-size: medium;\"><span style=\"margin: 0px; padding: 0px; line-height: 21.6px;\">3.自费学生不受英语成绩等条件限制，可自愿到所在学院报名；</span></span></p><p class=\"MsoNormal\" style=\"margin-bottom: 18px; padding: 0px; color: rgb(86, 86, 86); font-family: 微软雅黑; font-size: 14px; line-height: 18.9px; text-indent: 32pt;\"><span style=\"margin: 0px; padding: 0px; font-size: medium;\"><span style=\"margin: 0px; padding: 0px; line-height: 21.6px;\">4.教务处和国际交流学院进行审核确定。</span></span></p><p class=\"MsoNormal\" style=\"margin-bottom: 18px; padding: 0px; color: rgb(86, 86, 86); font-family: 微软雅黑; font-size: 14px; line-height: 18.9px; text-indent: 32pt;\"><span style=\"margin: 0px; padding: 0px; font-size: medium;\"><b style=\"margin: 0px; padding: 0px;\"><span style=\"margin: 0px; padding: 0px; line-height: 21.6px;\">五、报名方式及报名时间</span></b></span></p><p class=\"MsoNormal\" style=\"margin-bottom: 18px; padding: 0px; color: rgb(86, 86, 86); font-family: 微软雅黑; font-size: 14px; line-height: 18.9px; text-indent: 32pt;\"><span style=\"margin: 0px; padding: 0px; font-size: medium;\"><span style=\"margin: 0px; padding: 0px; line-height: 21.6px;\">1.学生到所在学院自愿报名，填写报名表（见附件<span lang=\"EN-US\" style=\"margin: 0px; padding: 0px;\">4</span>）并注明本人所选择出行的学校名称；</span></span></p><p class=\"MsoNormal\" style=\"margin-bottom: 18px; padding: 0px; color: rgb(86, 86, 86); font-family: 微软雅黑; font-size: 14px; line-height: 18.9px; text-indent: 32pt;\"><span style=\"margin: 0px; padding: 0px; font-size: medium;\"><span style=\"margin: 0px; padding: 0px; line-height: 21.6px;\">2.各学院及实验班报名联系方式见附件<span lang=\"EN-US\" style=\"margin: 0px; padding: 0px;\">6</span>；</span></span></p><p class=\"MsoNormal\" style=\"margin-bottom: 18px; padding: 0px; color: rgb(86, 86, 86); font-family: 微软雅黑; font-size: 14px; line-height: 18.9px; text-indent: 32pt;\"><span style=\"margin: 0px; padding: 0px; font-size: medium;\"><span style=\"margin: 0px; padding: 0px; line-height: 21.6px;\">3.学生从即日起开始报名，各学院请于<span lang=\"EN-US\" style=\"margin: 0px; padding: 0px;\">2015</span>年<span lang=\"EN-US\" style=\"margin: 0px; padding: 0px;\">3</span>月<span lang=\"EN-US\" style=\"margin: 0px; padding: 0px;\">26</span>日前将学生报名表及统计表（见附件<span lang=\"EN-US\" style=\"margin: 0px; padding: 0px;\">5</span>）报送教务处。同时，统计表通过办公网信箱报送。逾期视为放弃报名。</span></span></p>', '手机端操作测试', 98, 1253, 1, 'admin', '2019-4-3 16:54:42', '2019-4-24 15:26:21', 1, 1);
INSERT INTO `article` VALUES (94, '不忘初心，牢记使命', NULL, NULL, '<p></p><div class=\"article-title\" style=\"font-family: arial; font-size: 12px; text-align: start;\"><h2 style=\"margin: 0px; padding: 0px; font-size: 28px; line-height: 40px; font-weight: 700; font-family: &quot;Microsoft Yahei&quot;, 微软雅黑, 宋体;\">不忘初心彰显党性</h2></div><div class=\"article-desc clearfix\" style=\"zoom: 1; margin-top: 15px; font-family: arial; font-size: 12px;\"><div class=\"author-icon\" style=\"float: left; width: 32px; height: 32px; margin-right: 8px; padding: 1px 0px;\"><img src=\"https://timg01.bdimg.com/timg?pacompress=&amp;imgtype=3&amp;sec=1439619614&amp;autorotate=1&amp;di=5113063afa3f80fc8924000169582898&amp;quality=90&amp;size=b200_200&amp;src=http%3A%2F%2Fpic.rmb.bdstatic.com%2F955249521ea13beeee7a94867a21373a.png\" style=\"width: 32px; height: 32px; border-radius: 50%;\"></div><div class=\"author-txt\" style=\"float: left; padding: 0px;\"><p class=\"author-name\" style=\"margin-bottom: -6px; padding: 0px; font-size: 13px; line-height: 1.1; color: rgb(51, 136, 255);\">央广网</p><div class=\"article-source article-source-bjh\" style=\"margin-top: 5px; float: left;\"><span class=\"date\" style=\"font-size: 13px; line-height: 2; color: rgb(153, 153, 153); margin: 0px 9px 0px 0px;\">18-05-02</span><span class=\"time\" style=\"font-size: 13px; line-height: 2; color: rgb(153, 153, 153);\">08:29</span></div></div></div><div class=\"article-content\" style=\"margin-top: 17px; font-family: arial; font-size: 12px;\"><p style=\"margin-bottom: 0px; padding: 0px; font-size: 16px; line-height: 24px; color: rgb(51, 51, 51); text-align: justify;\"><span class=\"bjh-p\">为中国人民谋幸福的初心，是一代代中国共产党人砥砺奋进的动力源泉，是对党性原则的高度凝练。党员、干部不忘初心，就要自觉加强党性修养，对照合格共产党员的标准严格要求自己。一句话，不忘初心，彰显党性。</span></p><p style=\"margin-top: 22px; margin-bottom: 0px; padding: 0px; font-size: 16px; line-height: 24px; color: rgb(51, 51, 51); text-align: justify;\"><span class=\"bjh-p\">纵观中国近代历史，面对国家贫弱、民族危亡，众多仁人志士以天下为己任，在救国救民道路上艰难摸索。然而，一些政党或组织走着走着就离散了，干着干着就蜕化了，有的甚至违背初心、倒行逆施。这说明，如果淡忘初心、缺乏科学理论指导和坚定信仰支撑，志向再大、调门再高，都只能是昙花一现、有始无终。一部中华民族摆脱苦难、走向富强的中国近现代史证明，只有中国共产党人才能做到不忘初心，始终为中国人民谋幸福、为中华民族谋复兴。这种定力从哪里来？归根到底来自对马克思主义的坚定信仰、来自人民至上的党性修为，它使中国共产党人在革命、建设、改革进程中始终成为时代先锋、民族脊梁。</span></p><p style=\"margin-top: 22px; margin-bottom: 0px; padding: 0px; font-size: 16px; line-height: 24px; color: rgb(51, 51, 51); text-align: justify;\"><span class=\"bjh-p\">中国共产党人的初心，彰显共产主义远大理想和中国特色社会主义共同理想。理想信念是否坚定，在很大程度上决定一个政党能走多远。政党衰落、政权瓦解，往往始于理想信念丧失、道德价值滑坡。邓小平同志指出，为什么我们过去能在非常困难的情况下奋斗出来，战胜千难万险使革命胜利呢？就是因为我们有理想，有马克思主义信念，有共产主义信念。习近平同志强调，理想信念是共产党人精神上的“钙”，没有理想信念，理想信念不坚定，精神上就会“缺钙”，就会得“软骨病”。中国特色社会主义进入新时代，我们尤其需要为远大理想和共同理想而团结奋斗的思想共识和精神动力，这种共识和动力就蕴藏在初心和党性中。汇聚共识、凝聚动力，离不开每一名共产党员不忘初心、牢记使命，时刻用党性这把标尺丈量自身，在实现共产主义远大理想和中国特色社会主义共同理想的征途上为中国人民谋幸福、为中华民族谋复兴。</span></p><p style=\"margin-top: 22px; margin-bottom: 0px; padding: 0px; font-size: 16px; line-height: 24px; color: rgb(51, 51, 51); text-align: justify;\"><span class=\"bjh-p\">中国共产党人的初心，在于为中国人民谋幸福。人民立场是中国共产党的根本政治立场，也是马克思主义政党区别于其他政党的显著标志。不忘初心，就要锻炼坚强党性，做到天下为公、执政为民。1941年，毛泽东同志在陕甘宁边区参议会的演说中指出：“共产党是为民族、为人民谋利益的政党，它本身决无私利可图。”事实上，真正敢于公开宣示代表最广大人民根本利益、全心全意为人民服务、诚心实意接受人民监督的，唯有中国共产党。对党员、干部来说，不忘初心、牢记使命，就要始终把人民放在心中最高位置，强化党的意识和宗旨意识，以坚强党性实现好维护好发展好最广大人民根本利益，使我们党拥有不竭力量源泉。</span></p><p style=\"margin-top: 22px; margin-bottom: 0px; padding: 0px; font-size: 16px; line-height: 24px; color: rgb(51, 51, 51); text-align: justify;\"><span class=\"bjh-p\">不忘初心，难在不忘、贵在坚持，关键是要有那么一股韧劲，在党纪国法面前心存敬畏，始终做到严于律己。组织严密、纪律严明是我们党的优良传统和政治优势，也是我们党始终坚强有力的根本保证。在中国这样一个幅员辽阔、人口众多的发展中大国执政，没有铁的纪律规矩，党的凝聚力和战斗力就会被削弱，人民幸福、民族复兴就无从谈起。还应看到，为中国人民谋幸福、为中华民族谋复兴，不会一蹴而就、一劳永逸，前进道路上还会面临许多可以预见和难以预见的风险挑战。形势越复杂、任务越艰巨，就越要加强纪律建设，维护党的团结统一，确保全党统一意志、统一行动、步调一致前进。做到这一点，离不开党员、干部擦亮初心、涵养党性，时刻牢记共产党员这个第一身份，努力为人民多做实事、多出实绩。（薛伟江）</span></p></div>', '', 98, 1238, 1, 'admin', '2019-4-3 16:54:42', '2019-4-22 14:13:39', 1, 1);
INSERT INTO `article` VALUES (182, '手机端发表文章测试', NULL, NULL, '<p><span style=\"background-color: rgb(255, 255, 0);\">手机端发表文章还是有点勉强</span></p>', '', 148, 23, 1, 'admin', '2019-4-15 22:48:45', '2019-4-22 14:07:39', 1, 1);
INSERT INTO `article` VALUES (184, '测试文章3', NULL, NULL, '<p>测试测试</p>', '', 148, 18, 1, 'admin', '2019-4-16 08:39:16', '2019-4-22 14:07:25', 1, 1);
INSERT INTO `article` VALUES (185, '测试文章2', NULL, NULL, '<p><br></p>', '', 148, 19, 1, 'admin', '2019-4-16 19:14:50', '2019-4-22 14:07:17', 1, 1);
INSERT INTO `article` VALUES (186, '测试文章', NULL, NULL, '<blockquote><p>发图片测试微信小程序能否浏览</p><p><img src=\"/api/img/20190422214242448135.png\" style=\"width: 50%;\"><br></p></blockquote>', '', 148, 30, 1, 'admin', '2019-4-16 19:15:06', '2019-4-22 21:42:51', 1, 1);
INSERT INTO `article` VALUES (187, '南昌大学第二届国际青年学者论坛公告', NULL, NULL, '<div style=\"margin: 0px; padding: 0px; color: rgb(14, 91, 109); font-family: 微软雅黑; font-size: 14px;\"><span style=\"margin: 0px; padding: 0px; font-size: medium;\">&nbsp;&nbsp;</span><b style=\"margin: 0px; padding: 0px;\"><span style=\"margin: 0px; padding: 0px; font-size: medium;\">一、学校及论坛简介</span></b></div><div style=\"margin: 0px; padding: 0px; color: rgb(14, 91, 109); font-family: 微软雅黑; font-size: 14px;\"><span style=\"margin: 0px; padding: 0px; font-size: medium;\">&nbsp; &nbsp;&nbsp;&nbsp;&nbsp; 南昌大学坐落于中国历史文化名城——“英雄城”南昌市，已有近百年的办学历史，是国家“211工程”重点建设大学、国家“双一流”计划世界一流学科建设高校和江西省唯一的高水平大学整体建设高校，为教育部以部省合建模式支持的中西部14所高校之一。</span></div><div style=\"margin: 0px; padding: 0px; color: rgb(14, 91, 109); font-family: 微软雅黑; font-size: 14px;\"><span style=\"margin: 0px; padding: 0px; font-size: medium;\">&nbsp; &nbsp;&nbsp;&nbsp;&nbsp; 学校拥有前湖、青山湖、东湖、鄱阳湖和抚州5个校区，其中前湖主校区占地面积4500亩，校舍建筑面积130万平方米。现设有人文社科学部、理工学部和医学部，有2个国家重点学科（食品科学、材料物理与化学），1个国家重点（培育）学科（材料加工工程），现有1个国家重点实验室，1个国家工程技术研究中心，1个教育部人文社会科学重点研究基地，2个教育部重点实验室，3个教育部工程研究中心，9个江西省协同创新中心。拥有15个学术类博士学位授权一级学科，11个博士后科研流动站，学校设有5所附属医院。学校化学、临床医学、农业科学（食品科学与工程为主）、工程学、材料科学、药理学与毒理学、生物学与生物化学等7个学科进入ESI世界排名前1%。食品科学与工程学科在全国第四轮学科评估为A，排名全国高校第3位。</span></div><div style=\"margin: 0px; padding: 0px; color: rgb(14, 91, 109); font-family: 微软雅黑; font-size: 14px;\"><span style=\"margin: 0px; padding: 0px; font-size: medium;\">&nbsp;&nbsp;&nbsp;&nbsp;&nbsp;&nbsp; 南昌大学第二届国际青年学者论坛将于5月29-31日召开，本次论坛旨在为海内外优秀青年学者搭建交流与合作的平台，促进学科交叉与学术创新，增进相互合作与信任，加深对南昌大学的全面了解，促成高层次人才来赣建功立业，共同推动南昌大学“双一流”建设，竭诚欢迎海内外青年才俊参加。</span></div><div style=\"margin: 0px; padding: 0px; color: rgb(14, 91, 109); font-family: 微软雅黑; font-size: 14px;\"><span style=\"margin: 0px; padding: 0px; font-size: medium;\">&nbsp;&nbsp;&nbsp;&nbsp;&nbsp;&nbsp;</span><b style=\"margin: 0px; padding: 0px;\"><span style=\"margin: 0px; padding: 0px; font-size: medium;\">&nbsp;二、学科领域</span></b></div><div style=\"margin: 0px; padding: 0px; color: rgb(14, 91, 109); font-family: 微软雅黑; font-size: 14px;\"><span style=\"margin: 0px; padding: 0px; font-size: medium;\">&nbsp; &nbsp;&nbsp;&nbsp;&nbsp; 1、人文社科学部：中国语言文学、哲学、中国史、新闻传播学、外国语言文学、音乐与舞蹈学、美术学、设计学、法学、管理科学与工程、公共管理、图书情报与档案管理、应用经济学、理论经济学、工商管理、马克思主义理论、政治学、应用心理学、教育学、体育学。</span></div><div style=\"margin: 0px; padding: 0px; color: rgb(14, 91, 109); font-family: 微软雅黑; font-size: 14px;\"><span style=\"margin: 0px; padding: 0px; font-size: medium;\">&nbsp;&nbsp;&nbsp;&nbsp;&nbsp;&nbsp;&nbsp;2、理工一部：材料科学与工程、统计学、数学、物理、天体物理、化学、机械工程、动力工程及工程热物理、生物医学工程、控制科学与工程、电气工程、信息与通信工程、计算机科学与技术。</span></div><div style=\"margin: 0px; padding: 0px; color: rgb(14, 91, 109); font-family: 微软雅黑; font-size: 14px;\"><span style=\"margin: 0px; padding: 0px; font-size: medium;\">&nbsp; &nbsp;&nbsp;&nbsp;&nbsp; 3、理工二部：食品科学与工程、营养与食品卫生学、生物学、生态学、发酵工程、生物工程、园林植物与观赏园艺、水产养殖、环境科学与工程、化学工程与技术、工业催化、力学、建筑学、土木工程、水利工程。</span></div><div style=\"margin: 0px; padding: 0px; color: rgb(14, 91, 109); font-family: 微软雅黑; font-size: 14px;\"><span style=\"margin: 0px; padding: 0px; font-size: medium;\">&nbsp;&nbsp;&nbsp;&nbsp;&nbsp; &nbsp;4、医学部：临床医学、基础医学、药学、公共卫生与预防医学、护理学、口腔医学、中西医结合。</span></div><div style=\"margin: 0px; padding: 0px; color: rgb(14, 91, 109); font-family: 微软雅黑; font-size: 14px;\"><span style=\"margin: 0px; padding: 0px; font-size: medium;\">&nbsp;&nbsp;&nbsp;&nbsp;&nbsp;&nbsp;&nbsp;</span><b style=\"margin: 0px; padding: 0px;\"><span style=\"margin: 0px; padding: 0px; font-size: medium;\">三、邀请对象</span></b></div><div style=\"margin: 0px; padding: 0px; color: rgb(14, 91, 109); font-family: 微软雅黑; font-size: 14px;\"><span style=\"margin: 0px; padding: 0px; font-size: medium;\">&nbsp; &nbsp;&nbsp;&nbsp;&nbsp; 1、海内外优秀青年学者，年龄一般应在40周岁以下（1979年1月1日以后出生），在海外取得博士学位并有连续2年及以上的海外科研工作经历，或在国内取得博士学位在海外有连续3年以上的科研工作经历，尚未回国并有意向加盟南昌大学。</span></div><div style=\"margin: 0px; padding: 0px; color: rgb(14, 91, 109); font-family: 微软雅黑; font-size: 14px;\"><span style=\"margin: 0px; padding: 0px; font-size: medium;\">&nbsp; &nbsp;&nbsp;&nbsp;&nbsp; 2、受邀者应是在所从事领域取得一定成绩或具有良好发展潜力，具备或达到国家“四青”相应水平的优秀人才。</span></div><div style=\"margin: 0px; padding: 0px; color: rgb(14, 91, 109); font-family: 微软雅黑; font-size: 14px;\"><span style=\"margin: 0px; padding: 0px; font-size: medium;\">&nbsp;&nbsp;&nbsp;&nbsp;&nbsp;&nbsp;&nbsp;</span><b style=\"margin: 0px; padding: 0px;\"><span style=\"margin: 0px; padding: 0px; font-size: medium;\">四、会议资助</span></b></div><div style=\"margin: 0px; padding: 0px; color: rgb(14, 91, 109); font-family: 微软雅黑; font-size: 14px;\"><span style=\"margin: 0px; padding: 0px; font-size: medium;\">&nbsp; &nbsp;&nbsp;&nbsp;&nbsp; 学校统一安排食宿（免费），报销参会青年学者往返国际和国内旅费（飞机经济舱或高铁二等座），并安排机场、火车站接送。</span></div><div style=\"margin: 0px; padding: 0px; color: rgb(14, 91, 109); font-family: 微软雅黑; font-size: 14px;\"><span style=\"margin: 0px; padding: 0px; font-size: medium;\">&nbsp;&nbsp;&nbsp;&nbsp;&nbsp;&nbsp;&nbsp;</span><b style=\"margin: 0px; padding: 0px;\"><span style=\"margin: 0px; padding: 0px; font-size: medium;\">五、日程安排</span></b></div><div style=\"margin: 0px; padding: 0px; color: rgb(14, 91, 109); font-family: 微软雅黑; font-size: 14px;\"><span style=\"margin: 0px; padding: 0px; font-size: medium;\">&nbsp; &nbsp;&nbsp;&nbsp;&nbsp; 报名截止：2019年5月9日</span></div><div style=\"margin: 0px; padding: 0px; color: rgb(14, 91, 109); font-family: 微软雅黑; font-size: 14px;\"><span style=\"margin: 0px; padding: 0px; font-size: medium;\">&nbsp; &nbsp;&nbsp;&nbsp;&nbsp; 论坛邀请：2019年3月18至5月9日</span></div><div style=\"margin: 0px; padding: 0px; color: rgb(14, 91, 109); font-family: 微软雅黑; font-size: 14px;\"><span style=\"margin: 0px; padding: 0px; font-size: medium;\">&nbsp;&nbsp;&nbsp;&nbsp;&nbsp;&nbsp; 论坛报到：2019年5月29日</span></div><div style=\"margin: 0px; padding: 0px; color: rgb(14, 91, 109); font-family: 微软雅黑; font-size: 14px;\"><span style=\"margin: 0px; padding: 0px; font-size: medium;\">&nbsp; &nbsp;&nbsp;&nbsp;&nbsp; 论坛举办：5月30-31日（主论坛，分论坛等）</span></div><div style=\"margin: 0px; padding: 0px; color: rgb(14, 91, 109); font-family: 微软雅黑; font-size: 14px;\"><span style=\"margin: 0px; padding: 0px; font-size: medium;\">&nbsp;&nbsp;&nbsp;&nbsp;&nbsp;&nbsp;&nbsp;</span><b style=\"margin: 0px; padding: 0px;\"><span style=\"margin: 0px; padding: 0px; font-size: medium;\">六、联系方式</span></b></div><div style=\"margin: 0px; padding: 0px; color: rgb(14, 91, 109); font-family: 微软雅黑; font-size: 14px;\"><span style=\"margin: 0px; padding: 0px; font-size: medium;\">&nbsp; &nbsp;&nbsp;&nbsp; &nbsp;联系人：徐老师&nbsp; 邹老师</span></div><div style=\"margin: 0px; padding: 0px; color: rgb(14, 91, 109); font-family: 微软雅黑; font-size: 14px;\"><span style=\"margin: 0px; padding: 0px; font-size: medium;\">&nbsp; &nbsp;&nbsp;&nbsp;&nbsp; 联系电话：0791-83969074&nbsp; 83969076</span></div><div style=\"margin: 0px; padding: 0px; color: rgb(14, 91, 109); font-family: 微软雅黑; font-size: 14px;\"><span style=\"margin: 0px; padding: 0px; font-size: medium;\">&nbsp; &nbsp;&nbsp;&nbsp;&nbsp; 电子邮箱： gcrc@ncu.edu.cn</span></div><div style=\"margin: 0px; padding: 0px; color: rgb(14, 91, 109); font-family: 微软雅黑; font-size: 14px;\"><span style=\"margin: 0px; padding: 0px; font-size: medium;\">&nbsp;&nbsp;&nbsp;&nbsp;&nbsp;&nbsp;&nbsp;</span><b style=\"margin: 0px; padding: 0px;\"><span style=\"margin: 0px; padding: 0px; font-size: medium;\">七、报名材料</span></b></div><div style=\"margin: 0px; padding: 0px; color: rgb(14, 91, 109); font-family: 微软雅黑; font-size: 14px;\"><span style=\"margin: 0px; padding: 0px; font-size: medium;\">&nbsp; &nbsp;&nbsp;&nbsp;&nbsp; 1、申请人资料：包含但不限于简历、学术成果、获奖证书等。</span></div><div style=\"margin: 0px; padding: 0px; color: rgb(14, 91, 109); font-family: 微软雅黑; font-size: 14px;\"><span style=\"margin: 0px; padding: 0px; font-size: medium;\">&nbsp; &nbsp;&nbsp;&nbsp;&nbsp; 2、个人情况说明（200字以内）。</span></div><div style=\"margin: 0px; padding: 0px; color: rgb(14, 91, 109); font-family: 微软雅黑; font-size: 14px;\"><span style=\"margin: 0px; padding: 0px; font-size: medium;\">&nbsp; &nbsp;&nbsp;&nbsp;&nbsp; 3、个人照片（100k以内）。</span></div><div style=\"margin: 0px; padding: 0px; color: rgb(14, 91, 109); font-family: 微软雅黑; font-size: 14px;\"><span style=\"margin: 0px; padding: 0px; font-size: medium;\">&nbsp;&nbsp;&nbsp;&nbsp;&nbsp;&nbsp;&nbsp;</span><b style=\"margin: 0px; padding: 0px;\"><span style=\"margin: 0px; padding: 0px; font-size: medium;\">八、国家“四青人才”待遇</span></b></div><div style=\"margin: 0px; padding: 0px; color: rgb(14, 91, 109); font-family: 微软雅黑; font-size: 14px;\"><span style=\"margin: 0px; padding: 0px; font-size: medium;\">&nbsp; &nbsp;&nbsp;&nbsp; &nbsp;</span><font size=\"3\" style=\"margin: 0px; padding: 0px;\">1、国家配套：按照相应的国家人才政策规定，给予科研经费100-300万元，一次性补助50万元。</font></div><div style=\"margin: 0px; padding: 0px; color: rgb(14, 91, 109); font-family: 微软雅黑; font-size: 14px;\"><font size=\"3\" style=\"margin: 0px; padding: 0px;\">&nbsp; &nbsp;&nbsp;&nbsp;&nbsp;&nbsp; &nbsp;2、地方配套：按照相应的江西省人才政策规定，提供500万元创新创业事业发展资金。入选江西省“双千计划”者，给予每人100万-300万元的项目资助，人文社科类给予每人20万-50万元的项目资助，可提取不高于30%的资金用于改善个人生活条件。</font></div><div style=\"margin: 0px; padding: 0px; color: rgb(14, 91, 109); font-family: 微软雅黑; font-size: 14px;\"><span style=\"margin: 0px; padding: 0px; font-size: medium;\">&nbsp; &nbsp;&nbsp;&nbsp;&nbsp; 3、学校提供：</span></div><div style=\"margin: 0px; padding: 0px; color: rgb(14, 91, 109); font-family: 微软雅黑; font-size: 14px;\"><span style=\"margin: 0px; padding: 0px; font-size: medium;\">&nbsp; &nbsp;&nbsp;&nbsp;&nbsp; （1）根据学校《高层次人才引进工作暂行办法》，按照学科领军人才标准引进，提供年薪50-80万元人民币。</span></div><div style=\"margin: 0px; padding: 0px; color: rgb(14, 91, 109); font-family: 微软雅黑; font-size: 14px;\"><span style=\"margin: 0px; padding: 0px; font-size: medium;\">&nbsp;&nbsp;&nbsp;&nbsp;&nbsp;&nbsp; （2）聘任到教授岗位（事业编制、固定职位），提供良好的科研平台、办公用房和科研空间。</span></div><div style=\"margin: 0px; padding: 0px; color: rgb(14, 91, 109); font-family: 微软雅黑; font-size: 14px;\"><span style=\"margin: 0px; padding: 0px; font-size: medium;\">&nbsp;&nbsp;&nbsp;&nbsp;&nbsp;&nbsp; （3）在国家和江西省提供的科研启动经费基础上，学校根据情况提供满足于学科建设需要充足的科研启动经费，具体面议。</span></div><div style=\"margin: 0px; padding: 0px; color: rgb(14, 91, 109); font-family: 微软雅黑; font-size: 14px;\"><span style=\"margin: 0px; padding: 0px; font-size: medium;\">&nbsp;&nbsp;&nbsp;&nbsp;&nbsp;&nbsp; （4）提供校内周转住房一套+安家费购房补贴65万+人才奖励50万。</span></div><div style=\"margin: 0px; padding: 0px; color: rgb(14, 91, 109); font-family: 微软雅黑; font-size: 14px;\"><span style=\"margin: 0px; padding: 0px; font-size: medium;\">&nbsp;&nbsp;&nbsp;&nbsp;&nbsp;&nbsp; （5）为子女提供自小学至高中的一条龙优质教育资源。</span></div><div style=\"margin: 0px; padding: 0px; color: rgb(14, 91, 109); font-family: 微软雅黑; font-size: 14px;\"><span style=\"margin: 0px; padding: 0px; font-size: medium;\">&nbsp;&nbsp;&nbsp;&nbsp;&nbsp;&nbsp;&nbsp;&nbsp;</span><b style=\"margin: 0px; padding: 0px;\"><span style=\"margin: 0px; padding: 0px; font-size: medium;\">*在国家“四青人才”项目评审中获得较好评价，通过专家通讯评审，进入会议评审环节的青年学者，可按照学校《高层次人才引进工作暂行办法》学科方向带头人标准引进，提供年薪25-50万元，并按学校标准提供安家费购房补贴及必要的科研启动经费。</span></b></div>', '', 98, 12, 1, 'admin', '2019-4-16 19:20:47', '2019-4-20 15:04:30', 1, 1);
INSERT INTO `article` VALUES (188, '测试文章', NULL, NULL, '<p><br></p>', '', 148, 14, 1, 'admin', '2019-4-24 13:26:28', '2019-4-24 13:26:28', 1, 1);
INSERT INTO `article` VALUES (189, '测试文章', NULL, NULL, '<p><br></p>', '', 148, 21, 1, 'admin', '2019-4-24 13:26:43', '2019-4-24 13:26:43', 1, 1);





-- ----------------------------
-- Table structure for `file`
-- ----------------------------
DROP TABLE IF EXISTS `file`;
CREATE TABLE `file` (
  `id` bigint(20) NOT NULL AUTO_INCREMENT,
  `description` varchar(200) DEFAULT NULL COMMENT '文件描述',
  `type` VARCHAR(11) DEFAULT NULL COMMENT '文件类型',
  `url` varchar(200) DEFAULT NULL COMMENT 'URL地址',
  `status` int(1) DEFAULT 1 COMMENT '状态,1代表正常，0代表失效',
--   `down_times` int(11) DEFAULT 153 COMMENT '下载次数',
  `upload_date` datetime DEFAULT NULL COMMENT '上传时间',
  PRIMARY KEY (`id`)
) ENGINE=InnoDB AUTO_INCREMENT=142 DEFAULT CHARSET=utf8 COMMENT='文件';

-- ----------------------------
-- Records of file
-- ----------------------------
DELETE from file;
INSERT INTO `file` VALUES (110, '南昌大学国际青年学者论坛报名表', 'doc', '/files/20190329104808038852.doc', 1, '2019-3-29 16:20:17');
INSERT INTO `file` VALUES (111, '南昌大学“双一流”建设2018年度进展报告', 'pdf', '/files/20190224103846700621.pdf', 1, '2019-2-24 10:38:46');
INSERT INTO `file` VALUES (112, '江西省“双一流”建设2018年度评估报告——南昌大学江西省“双一流”建设2018年度评估报告——南昌大学江西省“双一流”建设2018年度评估报告——南昌大学江西省“双一流”建设2018年度评估报告——南昌大学江西省“双一流”建设2018年度评估报告——南昌大学江西省“双一流”建设2018年度评估报告——南昌大学', 'pdf', '/files/20190225110837772173.pdf', 1, '2017-10-14 16:20:21');
INSERT INTO `file` VALUES (113, '南昌大学2018年迎新系列学术讲座安排', 'xls', '/files/20180917121705609267.xls', 1, '2018-9-17 12:17:05');
INSERT INTO `file` VALUES (114, '南昌大学2017年迎新系列学术讲座安排', 'xls', '/files/20171011164310286355.xls', 1, '2017-10-11 16:43:10');
INSERT INTO `file` VALUES (115, '南昌大学2016年专职辅导员报名登记表', 'doc', '/files/20160629175046346826.doc', 1, '2016-6-29 17:50:46');
INSERT INTO `file` VALUES (148, '音乐', 'rar', '/files/20190413103917843535.rar', 1, '2019-4-13 10:39:17');
INSERT INTO `file` VALUES (152, '咏怀古迹三首其一', 'txt', '/files/20190420152535394394.txt', 1, '2019-4-25 10:40:53');
INSERT INTO `file` VALUES (153, '个人信息核对工具', 'exe', '', 0, '2019-4-26 12:57:54');
INSERT INTO `file` VALUES (154, '56', 'jpg', '/files/20190415144243470559.jpg', 1, '2019-4-15 14:42:43');
INSERT INTO `file` VALUES (155, '我校校歌', 'pdf', '/files/20190425104422135715.pdf', 1, '2019-4-25 10:44:22');
INSERT INTO `file` VALUES (156, 'TVanime1', 'jpg', '/files/20190415102015313679.jpg', 1, '2019-4-15 10:20:15');
INSERT INTO `file` VALUES (157, '文件上传测试', 'pdf', '/files/20190415144509524316.pdf', 1, '2019-4-15 14:45:09');
INSERT INTO `file` VALUES (158, '思维导图', 'jpg', '/files/20190415154934638444.jpg', 1, '2019-4-15 15:49:34');
INSERT INTO `file` VALUES (159, '关于校外毕设的申请资料说明', 'xls', '/files/20190426100601577914.xls', 0, '2019-4-26 10:06:01');
INSERT INTO `file` VALUES (161, '南昌大学国际青年学者论坛报名表 ', 'xls', '/files/20190420153052718358.xls', 1, '2019-4-20 15:30:52');
INSERT INTO `file` VALUES (162, '外网上传文件测试', 'txt', '/files/20190427205820786539.txt', 1, '2019-4-27 20:58:20');




